# CRC simbol yang diminta modul vendor Infinity-X 3.12 (vendor_dlkm + vendor_boot), format: crc<TAB>simbol<TAB>contoh-modul
0xa8e9a7b3	___pskb_trim	rmnet_core.ko
0x1d24c881	___ratelimit	arm_smmu.ko,audio_pkt_dlkm.ko,camera.ko...
0xff064629	__alloc_disk_node	mtd_blkdevs.ko,sg.ko,zram.ko
0xafc9b3ef	__alloc_pages_nodemask	arm_smmu.ko,camera.ko,coresight-tmc.ko...
0x949f7342	__alloc_percpu	coresight.ko,qcom_wdt_core.ko,rmnet_core.ko...
0x9d2fba09	__alloc_skb	audio_pkt_dlkm.ko,cfg80211.ko,cnss2.ko...
0xaf507de1	__arch_copy_from_user	aw882xx_dlkm.ko,camera.ko,focaltech_3683g.ko...
0xc9957204	__arch_copy_in_user	qseecom-mod.ko
0x6b2941b2	__arch_copy_to_user	audio_pkt_dlkm.ko,aw882xx_dlkm.ko,btpower.ko...
0xf93aae46	__arm_smccc_smc	qcom-scm.ko
0x922f45a6	__bitmap_clear	camera.ko,coresight-stm.ko,pci-msm-drv.ko...
0xa084749a	__bitmap_or	coresight-cti.ko
0x615911d7	__bitmap_set	camera.ko,coresight-cti.ko,mem-offline.ko...
0xc5bd08eb	__blk_mq_end_request	mtd_blkdevs.ko
0xc55ed3cc	__cfg80211_alloc_event_skb	qca_cld3_adrastea.ko,wil6210.ko
0x21c3ab43	__cfg80211_alloc_reply_skb	qca_cld3_adrastea.ko,wil6210.ko
0x4343e771	__cfg80211_send_event_skb	qca_cld3_adrastea.ko,wil6210.ko
0x2cd90edd	__cfi_slowpath	altmode-glink.ko,arm_smmu.ko,asix.ko...
0x88db9f48	__check_object_size	audio_pkt_dlkm.ko,aw882xx_dlkm.ko,camera.ko...
0x13a54ed5	__class_create	audio_pkt_dlkm.ko,audpkt_ion_dlkm.ko,bt_fm_slim.ko...
0x2e9469a2	__class_register	aw882xx_dlkm.ko,cfg80211.ko,mtd.ko...
0x0a13802d	__ClearPageMovable	zsmalloc.ko
0xc3de6eec	__clk_determine_rate	clk-qcom.ko
0x554e334d	__clk_get_hw	clk-qcom.ko
0xc569d8ce	__clk_get_name	clk-qcom.ko
0xc6a4a872	__clk_is_enabled	clk-qcom.ko,lpass_cdc_dlkm.ko,msm-cvp.ko...
0x9f19d905	__clk_mux_determine_rate_closest	clk-qcom.ko
0x6c7407fa	__close_fd	smcinvoke_mod.ko
0xeae3dfd6	__const_udelay	arm_smmu.ko,asix.ko,aw882xx_dlkm.ko...
0x15db3b99	__cpu_active_mask	hyp_core_ctl.ko,qcom_lpm.ko,sched-walt.ko
0xac594e02	__cpu_online_mask	arm_smmu.ko,bwmon.ko,camera.ko...
0xde7ece30	__cpu_possible_mask	core_hang_detect.ko,cpu_hotplug.ko,frpc-adsprpc.ko...
0xb3055449	__cpu_present_mask	coresight.ko,msm_performance.ko,qcom-scm.ko...
0x7febfe80	__cpufreq_driver_target	sched-walt.ko
0x63547718	__cpuhp_remove_state	coresight-cti.ko,cpu_hotplug.ko,qca_cld3_adrastea.ko...
0x57ad17e9	__cpuhp_setup_state	cpu_hotplug.ko,hyp_core_ctl.ko,msm_performance.ko...
0x46f24c3c	__cpuhp_setup_state_cpuslocked	coresight-cti.ko,qcom-pmu-lib.ko
0xe21d8f58	__cpuhp_state_add_instance	zram.ko
0x6753e8cf	__cpuhp_state_remove_instance	zram.ko
0x6db27e27	__dev_get_by_index	cfg80211.ko,rmnet_core.ko,rmnet_perf_tether.ko
0xf50a65c5	__dev_kfree_skb_any	asix.ko,ax88179_178a.ko,ipa_clientsm.ko...
0x38193182	__devm_iio_device_register	qcom-spmi-adc5.ko
0x255a0633	__devm_of_phy_provider_register	phy-qcom-ufs.ko
0x8cacfe5b	__devm_regmap_init	lpass_cdc_dlkm.ko,regmap-spmi.ko,swr_dlkm.ko
0x07d6ac4e	__devm_regmap_init_i2c	fsa4480-i2c.ko,qcom-i2c-pmic.ko,wl2866d-n16.ko
0xcba9f643	__devm_regmap_init_mmio_clk	clk-qcom.ko,gdsc-regulator.ko,icc-rpmh.ko...
0x50b03fb9	__devm_regmap_init_spmi_ext	qcom-spmi-pmic.ko
0x8d644794	__devm_regmap_init_swr	swr_haptics_dlkm.ko,wcd937x_dlkm.ko,wcd938x_dlkm.ko...
0xedb7b09a	__devm_reset_control_get	dwc3-msm.ko,gdsc-regulator.ko,msm-cvp.ko...
0x02f37eb2	__drm_atomic_helper_connector_destroy_state	msm_drm.ko
0xac07c6a5	__drm_atomic_helper_connector_duplicate_state	msm_drm.ko
0x6e22d287	__drm_atomic_helper_connector_reset	msm_drm.ko
0x285cacc4	__drm_atomic_helper_crtc_destroy_state	msm_drm.ko
0x51620cbf	__drm_atomic_helper_crtc_duplicate_state	msm_drm.ko
0xf481ff28	__drm_atomic_helper_plane_duplicate_state	msm_drm.ko
0xc81aa100	__drm_atomic_helper_private_obj_duplicate_state	msm_drm.ko
0xb9cad492	__drm_atomic_state_free	msm_drm.ko
0xec12af74	__drm_dbg	msm_drm.ko
0x4f18a150	__drm_debug	msm_drm.ko
0xb11ac7a7	__drm_err	msm_drm.ko
0xc1d8cfaf	__fdget	gh_virtio_backend.ko
0x17fa3d89	__free_pages	camera.ko,coresight-tmc.ko,ipam.ko...
0x6a5cb5ee	__get_free_pages	gh_virtio_backend.ko,qcom-scm.ko,zram.ko
0x651eea92	__get_mtd_device	mtd_blkdevs.ko
0x12cf047c	__get_task_comm	msm_kgsl.ko,qcom_sync_file.ko,stm_core.ko
0x45989981	__gpr_driver_register	audio_pkt_dlkm.ko,audio_prm_dlkm.ko,spf_core_dlkm.ko
0xed269ad2	__hrtimer_get_remaining	qcom-hv-haptics.ko,qcom_lpm.ko,rmnet_wlan.ko
0x0c922cc7	__hwspin_lock_timeout	smem.ko
0x2aac8a01	__hwspin_unlock	smem.ko
0xd88b4572	__icnss_register_driver	qca_cld3_adrastea.ko
0xf5a94b83	__init_rwsem	fsa4480-i2c.ko,lpass_cdc_dlkm.ko,msm_drm.ko...
0x608741b5	__init_swait_queue_head	altmode-glink.ko,camera.ko,cdsprm.ko...
0xd9a5ea54	__init_waitqueue_head	audio_pkt_dlkm.ko,audio_prm_dlkm.ko,camera.ko...
0x3801776b	__ioread32_copy	qcom_smd.ko
0x6b4b2933	__ioremap	camera.ko,coresight-hwevent.ko,cpufreq_stats_scmi.ko...
0x2dba276a	__iowrite32_copy	qcom_aoss.ko,qcom_smd.ko
0x0d542439	__ipv6_addr_type	qca_cld3_adrastea.ko,rmnet_core.ko
0x73d2ee76	__irq_domain_add	msm_drm.ko,pci-msm-drv.ko,qcom-i2c-pmic.ko...
0x139f2189	__kfifo_alloc	qcom_esoc.ko,radio-i2c-rtc6226-qca.ko
0xdb760f52	__kfifo_free	qcom_esoc.ko
0xf23fcb99	__kfifo_in	hvc_gunyah.ko,qcom_esoc.ko,radio-i2c-rtc6226-qca.ko
0x13d0adf7	__kfifo_out	hvc_gunyah.ko,qcom_esoc.ko,radio-i2c-rtc6226-qca.ko
0xeb233a45	__kmalloc	arm_smmu.ko,asix.ko,aw882xx_dlkm.ko...
0x4616a1da	__kthread_init_worker	msm_drm.ko,qcom_glink.ko,qrtr.ko...
0x68f31cbd	__list_add_valid	altmode-glink.ko,arm_smmu.ko,audpkt_ion_dlkm.ko...
0xe1537255	__list_del_entry_valid	altmode-glink.ko,arm_smmu.ko,audpkt_ion_dlkm.ko...
0x3c3fce39	__local_bh_enable_ip	qca_cld3_adrastea.ko,rmnet_core.ko,rmnet_shs.ko
0x3de9ade7	__lock_page	block2mtd.ko
0x6980ea4b	__log_post_read_mmio	arm_smmu.ko,bam_dma.ko,boot_stats.ko...
0xcf1211a8	__log_read_mmio	arm_smmu.ko,bam_dma.ko,boot_stats.ko...
0x31dfd5cd	__log_write_mmio	arm_smmu.ko,bam_dma.ko,bwmon.ko...
0xfdff74cc	__mdiobus_register	asix.ko
0x8e8feb5f	__media_device_register	camera.ko
0xd64ed259	__memcat_p	stm_core.ko
0x5d112304	__memcpy_fromio	camera.ko,msm_drm.ko,msm_kgsl.ko...
0xf77555cd	__memcpy_toio	camera.ko,memory_dump_v2.ko,msm_kgsl.ko...
0x18b48e28	__memset_io	bam_dma.ko,camera.ko,dcc_v2.ko...
0x3c689fba	__mhi_driver_register	ipam.ko,mhi_dev_dtr.ko,mhi_dev_netdev.ko...
0x30540f3e	__mmc_claim_host	sdhci-msm-scaling.ko
0x96c21ce0	__module_get	mtd.ko,mtd_blkdevs.ko,qrtr.ko...
0x7f02188f	__msecs_to_jiffies	aw882xx_dlkm.ko,camera.ko,cfg80211.ko...
0x925ac503	__mtd_next_device	mtd_blkdevs.ko
0x574add77	__mutex_init	altmode-glink.ko,arm_smmu.ko,audio_pkt_dlkm.ko...
0xf2d36f1c	__napi_schedule	ipam.ko,mhi_dev_netdev.ko,qca_cld3_adrastea.ko...
0xdf8c695a	__ndelay	clk-spmi-pmic-div.ko
0x63d367d1	__netdev_alloc_skb	asix.ko,ax88179_178a.ko,cfg80211.ko...
0xacfc8220	__netif_napi_del	ipam.ko,mhi_dev_netdev.ko,qca_cld3_adrastea.ko...
0xbf3126b4	__netlink_kernel_create	goodix_fod.ko,qca_cld3_adrastea.ko
0x46bc2066	__next_zones_zonelist	qcom_dma_heaps.ko
0x420964e3	__nla_parse	cfg80211.ko,qca_cld3_adrastea.ko,rmnet_wlan.ko...
0x431ec3a9	__nla_validate	cfg80211.ko,msm_sysstats.ko
0x75c97627	__nlmsg_put	goodix_fod.ko,qca_cld3_adrastea.ko,rmnet_core.ko
0xc60d0620	__num_online_cpus	msm_show_resume_irq.ko,qcom_rpmh.ko,zram.ko
0xe63c4eb8	__pagevec_release	msm_kgsl.ko
0x17849162	__pci_register_driver	cnss2.ko,pci-msm-drv.ko,wil6210.ko
0x280f9f14	__per_cpu_offset	coresight.ko,hyp_core_ctl.ko,memlat.ko...
0x503a285e	__platform_driver_register	adsp_loader_dlkm.ko,altmode-glink.ko,arm_smmu.ko...
0xc7870801	__pm_relax	camera.ko,cnss2.ko,focaltech_3683g.ko...
0xa7c8e259	__pm_runtime_disable	bam_dma.ko,clk-qcom.ko,coresight-dummy.ko...
0x871df5fa	__pm_runtime_idle	camcc-parrot.ko,camcc-ravelin.ko,clk-qcom.ko...
0x8637ac5d	__pm_runtime_resume	arm_smmu.ko,bam_dma.ko,camcc-parrot.ko...
0x5ec1d781	__pm_runtime_set_status	arm_smmu.ko,bam_dma.ko,coresight-funnel.ko...
0xd8ed0ca2	__pm_runtime_suspend	arm_smmu.ko,bam_dma.ko,cnss2.ko...
0x0ac3099d	__pm_runtime_use_autosuspend	arm_smmu.ko,bam_dma.ko,dwc3-msm.ko...
0xd0e5cf02	__pm_stay_awake	camera.ko,focaltech_3683g.ko,ipam.ko...
0x04bf3924	__pskb_copy_fclone	qrtr.ko
0xdf37f9b8	__pskb_pull_tail	cfg80211.ko,ipam.ko,qca_cld3_adrastea.ko...
0x201cfb38	__put_mtd_device	mtd_blkdevs.ko
0xe0d43458	__put_net	cfg80211.ko
0xacff24c2	__put_page	block2mtd.ko,msm_drm.ko,msm_kgsl.ko...
0x22ff2608	__put_task_struct	hung_task_enh.ko,msm-eva.ko,msm_sysstats.ko...
0x8d522714	__rcu_read_lock	cfg80211.ko,mem-hooks.ko,minidump.ko...
0x2469810f	__rcu_read_unlock	cfg80211.ko,mem-hooks.ko,minidump.ko...
0x80df53fd	__register_chrdev	bt_fm_slim.ko,btpower.ko,goodix_fod.ko...
0xa4f192a7	__register_mtd_parser	ofpart.ko
0x80e710a1	__register_rpmsg_driver	cdsprm.ko,frpc-adsprpc.ko,glink_pkt.ko...
0x85df9980	__regmap_init	regmap-spmi.ko,swr_dlkm.ko
0x1848221d	__release_region	camera.ko
0xa24f23d8	__request_module	chipreg.ko,mtd.ko,stm_core.ko
0x6d9ee2a0	__request_percpu_irq	qcom_wdt_core.ko
0x0ca39ba0	__request_region	camera.ko
0xfd8cab20	__rtc_register_device	rtc-pm8xxx.ko
0x60b761f8	__scsi_iterate_devices	ufs_qcom.ko
0x92da84d4	__scsi_print_sense	sg.ko
0x9a9739ab	__sdhci_add_host	sdhci-msm.ko
0x421e45ce	__sdhci_set_timeout	sdhci-msm.ko
0xb29c3014	__SetPageMovable	zsmalloc.ko
0x7c9ca58f	__sg_page_iter_next	msm_kgsl.ko,qcom_dma_heaps.ko
0xccd4c999	__sg_page_iter_start	msm_kgsl.ko,qcom_dma_heaps.ko
0x0e7969b5	__skb_get_hash	rmnet_shs.ko
0xb91e9123	__skb_gso_segment	rmnet_core.ko,rmnet_shs.ko
0x80804b5d	__skb_pad	qrtr.ko
0x7b37d9d5	__slim_driver_register	bt_fm_slim.ko
0xee82c92d	__sock_create	cfg80211.ko
0x339adcd8	__spi_alloc_controller	spi-msm-geni.ko
0x05937fc4	__spi_register_driver	camera.ko,focaltech_3683g.ko,focaltech_fts.ko...
0x5d6222e3	__spmi_driver_register	qcom-spmi-pmic.ko
0x2a216b85	__srcu_read_lock	stm_core.ko
0x70272ece	__srcu_read_unlock	stm_core.ko
0x98a9d10c	__stack_chk_fail	adsp_loader_dlkm.ko,altmode-glink.ko,arm_smmu.ko...
0x57674fd7	__sw_hweight16	cfg80211.ko
0x74c134b9	__sw_hweight32	camera.ko,cfg80211.ko,qca_cld3_adrastea.ko...
0x9f46ced8	__sw_hweight64	guestvm_loader.ko,hyp_core_ctl.ko,machine_dlkm.ko...
0xdc3fcbc9	__sw_hweight8	cfg80211.ko,gh_rm_drv.ko,wcd937x_dlkm.ko...
0x77bff7a7	__task_pid_nr_ns	msm_sysstats.ko,sg.ko
0x6a81cbea	__task_rq_lock	sched-walt.ko
0x3e3bad0a	__tasklet_hi_schedule	camera.ko,mhi.ko,qca_cld3_adrastea.ko
0x9d2ab8ac	__tasklet_schedule	bam_dma.ko,gpi.ko,ipam.ko...
0xa20d01ba	__trace_bprintk	lpass_cdc_dlkm.ko,lpass_cdc_rx_macro_dlkm.ko,lpass_cdc_tx_macro_dlkm.ko...
0x77d8e162	__traceiter_bw_hwmon_debug	bwmon.ko
0x834763e3	__traceiter_bw_hwmon_meas	bwmon.ko
0x8bf77743	__traceiter_bw_hwmon_update	bwmon.ko
0x448af6f4	__traceiter_gpu_mem_total	msm_kgsl.ko
0x76a283bd	__traceiter_mem_buf_alloc_info	mem_buf.ko
0x12b92842	__traceiter_memlat_dev_meas	memlat.ko
0x93480e80	__traceiter_memlat_dev_update	memlat.ko
0xf3c16c70	__traceiter_memlat_spm_update	memlat.ko
0x5ef295f1	__traceiter_print_icmp_rx	rmnet_shs.ko
0x1616b575	__traceiter_receive_alloc_req	mem_buf.ko
0xe0fc68cd	__traceiter_receive_alloc_resp_msg	mem_buf.ko
0x8d08fa3c	__traceiter_receive_relinquish_msg	mem_buf.ko
0x3efb8976	__traceiter_receive_relinquish_resp_msg	mem_buf.ko
0x1425f383	__traceiter_rmnet_freq_boost	rmnet_shs.ko
0xb93e79c7	__traceiter_rmnet_freq_reset	rmnet_shs.ko
0x7d601d34	__traceiter_rmnet_shs_err	rmnet_shs.ko
0xaeb50352	__traceiter_rmnet_shs_high	rmnet_shs.ko
0x6f448d01	__traceiter_rmnet_shs_low	rmnet_shs.ko
0xbf68f38c	__traceiter_rmnet_shs_wq_high	rmnet_shs.ko
0xb3bf0fda	__traceiter_rmnet_shs_wq_low	rmnet_shs.ko
0x1b792262	__traceiter_rproc_qcom_event	frpc-adsprpc.ko,glink_probe.ko,pmic_glink.ko...
0x41645476	__traceiter_send_alloc_req	mem_buf.ko
0x6436199b	__traceiter_send_alloc_resp_msg	mem_buf.ko
0x85ad17f9	__traceiter_send_relinquish_msg	mem_buf.ko
0x2c7162bb	__traceiter_send_relinquish_resp_msg	mem_buf.ko
0xf0f46523	__tracepoint_android_rvh_account_irq	sched-walt.ko
0x9ad4f5ba	__tracepoint_android_rvh_after_dequeue_task	sched-walt.ko
0x36d08831	__tracepoint_android_rvh_after_enqueue_task	sched-walt.ko
0x7ff307b5	__tracepoint_android_rvh_build_perf_domains	sched-walt.ko
0x89ef9455	__tracepoint_android_rvh_can_migrate_task	sched-walt.ko
0x7e34ad6c	__tracepoint_android_rvh_check_preempt_wakeup	sched-walt.ko
0xe5107ad0	__tracepoint_android_rvh_cpu_cgroup_attach	sched-walt.ko
0x3f3039c2	__tracepoint_android_rvh_cpu_cgroup_online	sched-walt.ko
0x6c5c2192	__tracepoint_android_rvh_do_ptrauth_fault	qcom_cpu_vendor_hooks.ko
0xe4ee9cad	__tracepoint_android_rvh_do_sched_yield	sched-walt.ko
0x048a1e8c	__tracepoint_android_rvh_do_undefinstr	qcom_cpu_vendor_hooks.ko
0x7681ac90	__tracepoint_android_rvh_find_busiest_queue	sched-walt.ko
0xd1276946	__tracepoint_android_rvh_find_lowest_rq	sched-walt.ko
0x97640e4f	__tracepoint_android_rvh_flush_task	sched-walt.ko
0xc39802e7	__tracepoint_android_rvh_force_compatible_post	sched-walt.ko
0xff8626e2	__tracepoint_android_rvh_force_compatible_pre	sched-walt.ko
0x2461d175	__tracepoint_android_rvh_iommu_setup_dma_ops	qcom_iommu_util.ko
0x0c5d1185	__tracepoint_android_rvh_migrate_queued_task	sched-walt.ko
0x798d7748	__tracepoint_android_rvh_new_task_stats	sched-walt.ko
0xa95004c7	__tracepoint_android_rvh_replace_next_task_fair	sched-walt.ko
0xc30c6b6f	__tracepoint_android_rvh_resume_cpus	sched-walt.ko
0x14e26599	__tracepoint_android_rvh_sched_cpu_dying	sched-walt.ko
0xdd953146	__tracepoint_android_rvh_sched_cpu_starting	sched-walt.ko
0x39d63958	__tracepoint_android_rvh_sched_exec	sched-walt.ko
0x2071a467	__tracepoint_android_rvh_sched_fork_init	sched-walt.ko
0xbadefe48	__tracepoint_android_rvh_sched_newidle_balance	sched-walt.ko
0x52e58c76	__tracepoint_android_rvh_sched_nohz_balancer_kick	sched-walt.ko
0x9b40afe0	__tracepoint_android_rvh_sched_setaffinity	sched-walt.ko
0xb6bce8f8	__tracepoint_android_rvh_schedule	sched-walt.ko
0x4bfae7d4	__tracepoint_android_rvh_select_task_rq_fair	sched-walt.ko
0xa1f10509	__tracepoint_android_rvh_select_task_rq_rt	sched-walt.ko
0x996cfb08	__tracepoint_android_rvh_set_balance_anon_file_reclaim	mem-hooks.ko
0xe14bb8a9	__tracepoint_android_rvh_set_gfp_zone_flags	mem-hooks.ko
0xf407ff54	__tracepoint_android_rvh_set_readahead_gfp_mask	mem-hooks.ko
0xbd034bf5	__tracepoint_android_rvh_set_skip_swapcache_flags	mem-hooks.ko
0x0b7e6c73	__tracepoint_android_rvh_set_task_cpu	sched-walt.ko
0xc2dce519	__tracepoint_android_rvh_show_max_freq	sched-walt.ko
0x0bd72419	__tracepoint_android_rvh_tick_entry	sched-walt.ko
0x82233cc0	__tracepoint_android_rvh_try_to_wake_up	sched-walt.ko
0xbc0d0d45	__tracepoint_android_rvh_try_to_wake_up_success	sched-walt.ko
0xb96cdd49	__tracepoint_android_rvh_ttwu_cond	sched-walt.ko
0xef03083e	__tracepoint_android_rvh_update_cpu_capacity	sched-walt.ko
0xf9395534	__tracepoint_android_rvh_update_cpus_allowed	sched-walt.ko
0xfbbc1cd6	__tracepoint_android_rvh_update_misfit_status	sched-walt.ko
0x6b60d8f1	__tracepoint_android_rvh_wake_up_new_task	sched-walt.ko
0x625c9d86	__tracepoint_android_vh_allow_domain_state	qcom_lpm.ko
0x7550cf49	__tracepoint_android_vh_binder_restore_priority	sched-walt.ko
0xf09743cd	__tracepoint_android_vh_binder_set_priority	sched-walt.ko
0x45c1c15b	__tracepoint_android_vh_binder_wakeup_ilocked	sched-walt.ko
0x63a6e496	__tracepoint_android_vh_check_uninterruptible_tasks	hung_task_enh.ko
0xbfea98d1	__tracepoint_android_vh_check_uninterruptible_tasks_dn	hung_task_enh.ko
0xefbedb90	__tracepoint_android_vh_cpu_idle_enter	qcom-pmu-lib.ko,qcom_lpm.ko
0xd391e1ed	__tracepoint_android_vh_cpu_idle_exit	qcom-pmu-lib.ko,qcom_lpm.ko
0x137e6ebe	__tracepoint_android_vh_cpuidle_psci_enter	msm_show_resume_irq.ko
0xaaacb3b6	__tracepoint_android_vh_cpuidle_psci_exit	msm_show_resume_irq.ko
0x0e8d666d	__tracepoint_android_vh_disable_thermal_cooling_stats	thermal_pause.ko
0xd29bebac	__tracepoint_android_vh_dump_throttled_rt_tasks	sched-walt.ko
0x86ca15d4	__tracepoint_android_vh_ftrace_dump_buffer	minidump.ko
0xd707ac7b	__tracepoint_android_vh_ftrace_format_check	minidump.ko
0xa485475e	__tracepoint_android_vh_ftrace_oops_enter	minidump.ko
0xecd968c8	__tracepoint_android_vh_ftrace_oops_exit	minidump.ko
0x0cbc20ca	__tracepoint_android_vh_ftrace_size_check	minidump.ko
0x080464cd	__tracepoint_android_vh_gic_resume	msm_show_resume_irq.ko
0x4842b6e5	__tracepoint_android_vh_gpio_block_read	pinctrl-parrot.ko,pinctrl-ravelin.ko
0x8064d573	__tracepoint_android_vh_ipi_stop	qcom_cpu_vendor_hooks.ko
0x5415675e	__tracepoint_android_vh_jiffies_update	bwmon.ko,memlat.ko,rq_stats.ko
0x8bf980ca	__tracepoint_android_vh_logbuf	qcom_logbuf_vendor_hooks.ko
0x783fd15a	__tracepoint_android_vh_logbuf_pr_cont	qcom_logbuf_vendor_hooks.ko
0x14e36ca8	__tracepoint_android_vh_oom_check_panic	mem-hooks.ko
0xe329d35d	__tracepoint_android_vh_printk_hotplug	qcom_cpu_vendor_hooks.ko
0xb4b343cc	__tracepoint_android_vh_process_killed	mem-hooks.ko
0xe1337b04	__tracepoint_android_vh_rproc_recovery	rproc_qcom_common.ko
0xe9cd95b9	__tracepoint_android_vh_rproc_recovery_set	icnss2.ko,rproc_qcom_common.ko
0xa3e74b24	__tracepoint_android_vh_scheduler_tick	memlat.ko,sched-walt.ko
0x5c575c4a	__tracepoint_android_vh_show_resume_epoch_val	msm_show_epoch.ko
0x64718122	__tracepoint_android_vh_show_suspend_epoch_val	msm_show_epoch.ko
0x63c884a5	__tracepoint_android_vh_subpage_dma_contig_alloc	mem-hooks.ko
0xbb9e5425	__tracepoint_android_vh_timer_calc_index	qcom_cpu_vendor_hooks.ko
0xde161ffb	__tracepoint_android_vh_try_fixup_sea	mem-hooks.ko
0x73ea45fb	__tracepoint_android_vh_ufs_check_int_errors	ufs_qcom.ko
0xf675fc6f	__tracepoint_android_vh_ufs_clock_scaling	ufs_qcom.ko
0x6d6c7e35	__tracepoint_android_vh_ufs_compl_command	ufs_qcom.ko
0xd20543e7	__tracepoint_android_vh_ufs_send_command	ufs_qcom.ko
0xee023024	__tracepoint_android_vh_ufs_send_tm_command	ufs_qcom.ko
0x8016b1df	__tracepoint_android_vh_ufs_send_uic_command	ufs_qcom.ko
0xd28119e8	__tracepoint_android_vh_update_topology_flags_workfn	sched-walt.ko
0xab619a41	__tracepoint_binder_transaction_received	sched-walt.ko
0x703d66a4	__tracepoint_bw_hwmon_debug	bwmon.ko
0xe94cf49e	__tracepoint_bw_hwmon_meas	bwmon.ko
0x69400281	__tracepoint_bw_hwmon_update	bwmon.ko
0xe279d62c	__tracepoint_cpu_frequency_limits	sched-walt.ko
0x16fa73fe	__tracepoint_gpu_mem_total	msm_kgsl.ko
0x3f573f55	__tracepoint_ipi_entry	qcom_lpm.ko
0xe612228f	__tracepoint_ipi_raise	qcom_lpm.ko
0x9f2b7eaa	__tracepoint_mem_buf_alloc_info	mem_buf.ko
0x1d14d8bf	__tracepoint_memlat_dev_meas	memlat.ko
0xd7078fd9	__tracepoint_memlat_dev_update	memlat.ko
0xbfd8c891	__tracepoint_memlat_spm_update	memlat.ko
0x9f96f449	__tracepoint_print_icmp_rx	rmnet_shs.ko
0x25c7cf67	__tracepoint_receive_alloc_req	mem_buf.ko
0x10769789	__tracepoint_receive_alloc_resp_msg	mem_buf.ko
0x4249be0b	__tracepoint_receive_relinquish_msg	mem_buf.ko
0x93831d2e	__tracepoint_receive_relinquish_resp_msg	mem_buf.ko
0x99737759	__tracepoint_rmnet_freq_boost	rmnet_shs.ko
0xd2715a86	__tracepoint_rmnet_freq_reset	rmnet_shs.ko
0x4a7e7fa8	__tracepoint_rmnet_shs_err	rmnet_shs.ko
0x6cee2a59	__tracepoint_rmnet_shs_high	rmnet_shs.ko
0x5efff444	__tracepoint_rmnet_shs_low	rmnet_shs.ko
0x90b8b08d	__tracepoint_rmnet_shs_wq_high	rmnet_shs.ko
0xb1ed5c1f	__tracepoint_rmnet_shs_wq_low	rmnet_shs.ko
0x96e7c744	__tracepoint_rproc_qcom_event	frpc-adsprpc.ko,glink_probe.ko,pmic_glink.ko...
0x19ebf04e	__tracepoint_rwmmio_post_read	arm_smmu.ko,bam_dma.ko,boot_stats.ko...
0xa035d76e	__tracepoint_rwmmio_read	arm_smmu.ko,bam_dma.ko,boot_stats.ko...
0x95575c33	__tracepoint_rwmmio_write	arm_smmu.ko,bam_dma.ko,bwmon.ko...
0xad25602f	__tracepoint_sched_overutilized_tp	sched-walt.ko
0x4044ba28	__tracepoint_sched_switch	sched-walt.ko
0x860662b8	__tracepoint_send_alloc_req	mem_buf.ko
0xb195ad84	__tracepoint_send_alloc_resp_msg	mem_buf.ko
0xe3aa8406	__tracepoint_send_relinquish_msg	mem_buf.ko
0xe83d220b	__tracepoint_send_relinquish_resp_msg	mem_buf.ko
0xfede9222	__tracepoint_suspend_resume	qcom_lpm.ko
0xa93df441	__tty_insert_flip_char	msm_geni_serial.ko
0x9e7d6bd0	__udelay	arm_smmu.ko,clk-qcom.ko,cnss2.ko...
0x27c24536	__uio_register_device	msm_sharedmem.ko
0x6bc3fbc0	__unregister_chrdev	bt_fm_slim.ko,btpower.ko,goodix_fod.ko...
0xf1969a8e	__usecs_to_jiffies	i2c-msm-geni.ko,qca_cld3_adrastea.ko
0xa8408d5e	__v4l2_device_register_subdev_nodes	camera.ko
0x52a1f6ef	__video_register_device	camera.ko,msm_drm.ko,msm_video.ko...
0x3eeb2322	__wake_up	audio_pkt_dlkm.ko,audio_prm_dlkm.ko,camera.ko...
0x2773c485	__wake_up_locked	msm_drm.ko
0x56470118	__warn_printk	arm_smmu.ko,camera.ko,cfg80211.ko...
0xf40e7a73	__xa_alloc	mem_buf_dev.ko
0x1765ea1f	__xa_alloc_cyclic	qrtr.ko
0x296cb509	__xa_insert	qrtr.ko
0x96ccf3d6	_copy_from_iter_full	qrtr.ko
0x11089ac7	_ctype	cfg80211.ko,ipam.ko,msm_kgsl.ko...
0x4be27a18	_dev_crit	msm_kgsl.ko
0x3199a1ef	_dev_emerg	qpnp-power-on.ko
0x5ed4c6ae	_dev_err	adsp_loader_dlkm.ko,altmode-glink.ko,arm_smmu.ko...
0x8eff6041	_dev_info	adsp_loader_dlkm.ko,arm_smmu.ko,aw882xx_dlkm.ko...
0xefae1c39	_dev_notice	arm_smmu.ko,gsim.ko,leds-aw2016.ko
0xbc7a4422	_dev_warn	altmode-glink.ko,arm_smmu.ko,clk-qcom.ko...
0xfe8c61f0	_raw_read_lock	leds-qpnp-flash-v2.ko,msm_kgsl.ko,sched-walt.ko...
0x8dee722d	_raw_read_lock_bh	gpi.ko,mhi.ko,qca_cld3_adrastea.ko
0x48112d76	_raw_read_lock_irq	mhi.ko
0xb1342cdb	_raw_read_lock_irqsave	gpi.ko,mhi.ko,minidump.ko...
0xdd4d55b6	_raw_read_unlock	leds-qpnp-flash-v2.ko,msm_kgsl.ko,sched-walt.ko...
0xaeb082ad	_raw_read_unlock_bh	gpi.ko,mhi.ko,qca_cld3_adrastea.ko
0xa58af0a6	_raw_read_unlock_irq	mhi.ko
0xdf2ebb87	_raw_read_unlock_irqrestore	gpi.ko,mhi.ko,minidump.ko...
0xba8fbd64	_raw_spin_lock	bwmon.ko,camera.ko,cfg80211.ko...
0x0c3690fc	_raw_spin_lock_bh	camera.ko,cfg80211.ko,cnss2.ko...
0x8427cc7b	_raw_spin_lock_irq	glink_pkt.ko,mhi.ko,mhi_dev_dtr.ko...
0x34db050b	_raw_spin_lock_irqsave	arm_smmu.ko,audio_pkt_dlkm.ko,bam_dma.ko...
0xfef216eb	_raw_spin_trylock	msm_geni_serial.ko,qca_cld3_adrastea.ko,qcom_lpm.ko...
0x8518a4a6	_raw_spin_trylock_bh	msm_kgsl.ko,qca_cld3_adrastea.ko
0xb5b54b34	_raw_spin_unlock	bwmon.ko,camera.ko,cfg80211.ko...
0xe46021ca	_raw_spin_unlock_bh	camera.ko,cfg80211.ko,cnss2.ko...
0x4b750f53	_raw_spin_unlock_irq	glink_pkt.ko,mhi.ko,mhi_dev_dtr.ko...
0xd35cce70	_raw_spin_unlock_irqrestore	arm_smmu.ko,audio_pkt_dlkm.ko,bam_dma.ko...
0xe68efe41	_raw_write_lock	minidump.ko,msm_kgsl.ko,sched-walt.ko...
0x51a511eb	_raw_write_lock_bh	mhi.ko,qrtr.ko
0x3aca0190	_raw_write_lock_irq	gpi.ko,mhi.ko,msm_kgsl.ko...
0x5021bd81	_raw_write_lock_irqsave	mhi.ko,qcom_iommu_util.ko,sched-walt.ko...
0x40235c98	_raw_write_unlock	minidump.ko,msm_kgsl.ko,sched-walt.ko...
0xe7ab1ecc	_raw_write_unlock_bh	mhi.ko,qrtr.ko
0x9f76baf4	_raw_write_unlock_irq	gpi.ko,mhi.ko,msm_kgsl.ko...
0xeb078aee	_raw_write_unlock_irqrestore	mhi.ko,qcom_iommu_util.ko,sched-walt.ko...
0x944375db	_totalram_pages	mem-offline.ko
0xf439edca	activate_task	sched-walt.ko
0xcb419d41	adc_tm_channel_measure	icnss2.ko
0x54444e2d	adc_tm_disable_chan_meas	icnss2.ko
0x7eb808d0	add_cpu	cpu_hotplug.ko,guestvm_loader.ko,hyp_core_ctl.ko
0x2fb6de5d	add_device_randomness	socinfo.ko
0xbd7aaaee	add_memory	mem-offline.ko
0x690b988e	add_memory_subsection	mem_buf_dev.ko
0x6fd0c1c4	add_mtd_blktrans_dev	mtdblock.ko
0x65744673	add_timer	qca_cld3_adrastea.ko,qcom_wdt_core.ko
0x9c6febfc	add_uevent_var	gpr_dlkm.ko,mhi.ko,qti_battery_charger_main.ko...
0x4afb2238	add_wait_queue	gh_virtio_backend.ko,ipam.ko
0x1e19b0da	adjust_managed_page_count	msm_drm.ko
0x77e9eb37	aes_encrypt	qca_cld3_adrastea.ko
0x558b281d	aes_expandkey	qca_cld3_adrastea.ko
0xd170162c	alloc_anon_inode	zsmalloc.ko
0xe3ec2f2b	alloc_chrdev_region	audio_pkt_dlkm.ko,audpkt_ion_dlkm.ko,coresight-tmc.ko...
0x2e17c869	alloc_etherdev_mqs	rndisipam.ko
0x4b0dbb7e	alloc_io_pgtable_ops	qcom_iommu_util.ko
0x98fb14ea	alloc_netdev_mqs	ipam.ko,mhi_dev_netdev.ko,qca_cld3_adrastea.ko...
0x439c2cb1	alloc_skb_with_frags	qrtr.ko
0xdf9208c0	alloc_workqueue	aw882xx_dlkm.ko,bwmon.ko,camera.ko...
0x9a7e7b53	altmode_deregister_client	msm_drm.ko
0x87097cb6	altmode_deregister_notifier	msm_drm.ko
0xfd8ff2a5	altmode_register_client	msm_drm.ko
0xd647e74d	altmode_register_notifier	msm_drm.ko
0x107d0406	altmode_send_data	msm_drm.ko
0x9dcc2644	amba_bustype	arm_smmu.ko,coresight.ko
0xcd730b78	amba_driver_register	coresight-cti.ko,coresight-funnel.ko,coresight-replicator.ko...
0xe86520dd	amba_driver_unregister	coresight-cti.ko,coresight-funnel.ko,coresight-replicator.ko...
0x1840ff6f	android_debug_for_each_module	minidump.ko
0x8ee3d8d9	android_debug_per_cpu_symbol	minidump.ko
0x0d23f3d9	android_debug_symbol	minidump.ko
0x72e0e617	android_gki_sysctl_vals	hung_task_enh.ko,sched-walt.ko
0x7fbbd0bb	android_rvh_probe_register	mem-hooks.ko,qcom_cpu_vendor_hooks.ko,qcom_iommu_util.ko...
0xb96a2914	anon_inode_getfile	mem_buf.ko,smcinvoke_mod.ko
0x75fb9062	arch_timer_read_counter	camera.ko,msm_drm.ko,sysmon_subsystem_stats.ko...
0xe0b13336	argv_free	bwmon.ko
0x7380dffa	argv_split	bwmon.ko
0x14b89635	arm64_const_caps_ready	arm_smmu.ko,audio_pkt_dlkm.ko,aw882xx_dlkm.ko...
0xaf56600a	arm64_use_ng_mappings	camera.ko,coresight-hwevent.ko,coresight-tmc.ko...
0xd3752c27	atomic_notifier_call_chain	leds-qpnp-flash-v2.ko,phy-generic.ko,phy-msm-ssusb-qmp.ko...
0x2b9997fb	atomic_notifier_chain_register	cnss2.ko,dwc3-msm.ko,i2c-msm-geni.ko...
0x7181db30	atomic_notifier_chain_unregister	cnss2.ko,dwc3-msm.ko,leds-qpnp-flash-v2.ko...
0xc5656b4d	audio_notifier_deregister	audio_prm_dlkm.ko,gpr_dlkm.ko,pinctrl_lpi_dlkm.ko
0x4717c148	audio_notifier_probe_status	audio_prm_dlkm.ko,gpr_dlkm.ko,pinctrl_lpi_dlkm.ko
0xa7fe7810	audio_notifier_register	audio_prm_dlkm.ko,gpr_dlkm.ko,pinctrl_lpi_dlkm.ko
0x386bf0da	audio_pdr_service_deregister	q6_notifier_dlkm.ko
0xe4555ceb	audio_pdr_service_register	q6_notifier_dlkm.ko
0xe22d993f	audio_prm_set_cdc_earpa_duty_cycling_req	machine_dlkm.ko
0x0df30c99	audio_prm_set_lpass_clk_cfg	machine_dlkm.ko,wcd9xxx_dlkm.ko
0x8e0a0301	audio_prm_set_lpass_hw_core_req	wcd9xxx_dlkm.ko
0xad73041f	autoremove_wake_function	msm_drm.ko
0x2088e082	available_idle_cpu	sched-walt.ko
0xbf95c87a	backlight_device_get_by_type	msm_drm.ko
0x22444f95	backlight_device_register	msm_drm.ko
0x21d447db	backlight_device_set_brightness	msm_drm.ko
0xf09046cf	backlight_device_unregister	msm_drm.ko
0xcd7b507a	balance_dirty_pages_ratelimited	block2mtd.ko
0x263c3152	bcmp	block2mtd.ko,cfg80211.ko,goodix_core.ko...
0x63ca212e	bdget_disk	zram.ko
0x159ed20a	bdi_alloc	mtd.ko
0x173d2bff	bdi_put	mtd.ko
0xd9dd0d54	bdi_register	mtd.ko
0xc9524597	bdput	mtd.ko,zram.ko
0x0f0dd138	bio_endio	zram.ko
0xdac4913a	bitmap_allocate_region	stm_core.ko
0x64127b67	bitmap_find_next_zero_area_off	camera.ko,msm_kgsl.ko,pci-msm-drv.ko...
0xf474c21c	bitmap_print_to_pagebuf	coresight-cti.ko,qca_cld3_adrastea.ko,sched-walt.ko
0x574c2e74	bitmap_release_region	stm_core.ko
0x09ff0f97	blk_alloc_queue	zram.ko
0x0b918ad0	blk_cleanup_queue	mtd_blkdevs.ko,zram.ko
0xfb06179d	blk_execute_rq_nowait	sg.ko
0xc2acf8d3	blk_get_request	sg.ko
0x4247b92c	blk_mq_free_tag_set	mtd_blkdevs.ko
0x206bbbaa	blk_mq_freeze_queue	mtd_blkdevs.ko
0x776ba2fd	blk_mq_init_sq_queue	mtd_blkdevs.ko
0x103dd627	blk_mq_quiesce_queue	mtd_blkdevs.ko
0x1460fef4	blk_mq_rq_cpu	ufs_qcom.ko
0x00c14bfe	blk_mq_start_request	mtd_blkdevs.ko
0x617087e5	blk_mq_unfreeze_queue	mtd_blkdevs.ko
0xf61f911a	blk_mq_unquiesce_queue	mtd_blkdevs.ko
0x6ff3e8fb	blk_put_request	sg.ko
0x9e10d761	blk_queue_flag_clear	mtd_blkdevs.ko,zram.ko
0x29d52a80	blk_queue_flag_set	mtd_blkdevs.ko,zram.ko
0xecf94f82	blk_queue_io_min	zram.ko
0xcc9f1c79	blk_queue_io_opt	zram.ko
0x57b7e713	blk_queue_logical_block_size	mtd_blkdevs.ko,zram.ko
0xc61f3a19	blk_queue_max_discard_sectors	mtd_blkdevs.ko,zram.ko
0xba388f7e	blk_queue_max_write_zeroes_sectors	zram.ko
0xd2c1e391	blk_queue_physical_block_size	zram.ko
0x59f6a67e	blk_queue_write_cache	mtd_blkdevs.ko
0x8532f82c	blk_rq_map_user	sg.ko
0x8591ccf6	blk_rq_map_user_iov	sg.ko
0x442e756e	blk_rq_unmap_user	sg.ko
0x816d4c03	blk_update_request	mtd_blkdevs.ko
0x27639220	blk_verify_command	sg.ko
0xb21b1e79	blkdev_get_by_dev	block2mtd.ko
0xd1209bba	blkdev_get_by_path	block2mtd.ko
0x93ffb650	blkdev_put	block2mtd.ko
0x8317ad7c	blocking_notifier_call_chain	fsa4480-i2c.ko,goodix_core.ko,ipam.ko...
0xbb0c86a5	blocking_notifier_chain_register	fsa4480-i2c.ko,goodix_core.ko,ipam.ko...
0x963aa2a9	blocking_notifier_chain_unregister	fsa4480-i2c.ko,goodix_core.ko,ipam.ko...
0x53bd33a5	bpf_trace_run1	arm_smmu.ko,cfg80211.ko,frpc-adsprpc.ko...
0xfcaabc83	bpf_trace_run10	cfg80211.ko,msm_drm.ko,msm_kgsl.ko
0xf0d5861a	bpf_trace_run11	msm_drm.ko,sched-walt.ko
0x586bfba6	bpf_trace_run12	frpc-adsprpc.ko,msm_drm.ko
0xeb0901a6	bpf_trace_run2	camera.ko,cfg80211.ko,clk-qcom.ko...
0xf0cf2145	bpf_trace_run3	camera.ko,cfg80211.ko,frpc-adsprpc.ko...
0xdfc2be05	bpf_trace_run4	arm_smmu.ko,camera.ko,cfg80211.ko...
0x6dca6224	bpf_trace_run5	camera.ko,cfg80211.ko,clk-qcom.ko...
0x4d5fb1d2	bpf_trace_run6	cfg80211.ko,frpc-adsprpc.ko,msm_drm.ko...
0x42669949	bpf_trace_run7	camera.ko,cfg80211.ko,frpc-adsprpc.ko...
0x683bdf3a	bpf_trace_run8	msm_drm.ko,qcom-dcvs.ko,rmnet_core.ko...
0xea98bb28	bpf_trace_run9	qcom-dcvs.ko,sched-walt.ko
0xa7257344	btpower_get_chipset_version	bt_fm_slim.ko
0x3c46af60	btpower_register_slimdev	bt_fm_slim.ko
0x2bdbd776	build_skb	rmnet_core.ko
0xb228e90d	bus_find_device	camera.ko,coresight.ko,qcom_esoc.ko
0x7eedf2be	bus_for_each_dev	arm_smmu.ko,coresight.ko,qcom_esoc.ko
0x729df7c4	bus_register	coresight.ko,frpc-adsprpc.ko,gpr_dlkm.ko...
0xcbd12fd2	bus_set_iommu	arm_smmu.ko
0x9bb56529	bus_unregister	coresight.ko,frpc-adsprpc.ko,gpr_dlkm.ko...
0xda571594	cancel_delayed_work	cfg80211.ko,ipam.ko,msm-cvp.ko...
0xf8beca97	cancel_delayed_work_sync	altmode-glink.ko,aw882xx_dlkm.ko,cfg80211.ko...
0xd969d6f4	cancel_work_sync	altmode-glink.ko,arm_smmu.ko,bwmon.ko...
0xc6cbbc89	capable	mtd.ko,qca_cld3_adrastea.ko,qrtr.ko...
0xc073c37f	carveout_heap_add_memory	mem_buf.ko
0xfe986de4	carveout_heap_remove_memory	mem_buf.ko
0x109206e2	cdev_add	audio_pkt_dlkm.ko,audpkt_ion_dlkm.ko,coresight-tmc.ko...
0xda330e88	cdev_alloc	msm_drm.ko,qcom_sync_file.ko,qdss_bridge.ko...
0xa31acc31	cdev_del	audio_pkt_dlkm.ko,audpkt_ion_dlkm.ko,dcc_v2.ko...
0x866cc06f	cdev_device_add	mem_buf_dev.ko,usb_f_cdev.ko
0x845ef1d1	cdev_device_del	mem_buf_dev.ko,usb_f_cdev.ko
0x99bc7be6	cdev_init	audio_pkt_dlkm.ko,audpkt_ion_dlkm.ko,coresight-tmc.ko...
0x15a37cf3	cfg80211_calculate_bitrate	qca_cld3_adrastea.ko
0x7a79b4e6	cfg80211_ch_switch_notify	qca_cld3_adrastea.ko
0xef265f27	cfg80211_chandef_create	qca_cld3_adrastea.ko,wil6210.ko
0x901ed5c0	cfg80211_check_combinations	wil6210.ko
0xf1a8e503	cfg80211_classify8021d	wil6210.ko
0xf4e79daf	cfg80211_connect_done	qca_cld3_adrastea.ko,wil6210.ko
0x36be5c47	cfg80211_cqm_pktloss_notify	wil6210.ko
0x26f266fb	cfg80211_cqm_rssi_notify	wil6210.ko
0x9a7e82d7	cfg80211_del_sta_sinfo	qca_cld3_adrastea.ko,wil6210.ko
0x56d15730	cfg80211_disconnected	qca_cld3_adrastea.ko,wil6210.ko
0xb1c28b27	cfg80211_external_auth_request	qca_cld3_adrastea.ko
0x9d6cba30	cfg80211_find_elem_match	wil6210.ko
0x79b82a71	cfg80211_find_vendor_elem	wil6210.ko
0xdbb4782d	cfg80211_ft_event	wil6210.ko
0x3a63d1bc	cfg80211_get_bss	qca_cld3_adrastea.ko,wil6210.ko
0xb96412b0	cfg80211_get_drvinfo	wil6210.ko
0x7ae7001e	cfg80211_gtk_rekey_notify	qca_cld3_adrastea.ko
0x6fc51b51	cfg80211_inform_bss_frame_data	qca_cld3_adrastea.ko,wil6210.ko
0xfa1fb930	cfg80211_mgmt_tx_status	qca_cld3_adrastea.ko,wil6210.ko
0x5f4d63da	cfg80211_michael_mic_failure	qca_cld3_adrastea.ko
0x25acc56b	cfg80211_new_sta	qca_cld3_adrastea.ko,wil6210.ko
0x73fca86b	cfg80211_pmksa_candidate_notify	qca_cld3_adrastea.ko
0x0a413393	cfg80211_probe_status	wil6210.ko
0xc2a311b8	cfg80211_put_bss	qca_cld3_adrastea.ko,wil6210.ko
0x18ee1ed5	cfg80211_ready_on_channel	qca_cld3_adrastea.ko,wil6210.ko
0x220d6472	cfg80211_ref_bss	wil6210.ko
0x03c58b39	cfg80211_remain_on_channel_expired	qca_cld3_adrastea.ko,wil6210.ko
0xc4248da0	cfg80211_roamed	qca_cld3_adrastea.ko,wil6210.ko
0x57dfa00e	cfg80211_rx_mgmt_khz	qca_cld3_adrastea.ko,wil6210.ko
0xb0fe23ca	cfg80211_rx_unprot_mlme_mgmt	qca_cld3_adrastea.ko
0x9890d055	cfg80211_scan_done	qca_cld3_adrastea.ko,wil6210.ko
0x5e504522	cfg80211_sched_scan_results	qca_cld3_adrastea.ko,wil6210.ko
0x0bb8de6f	cfg80211_stop_iface	qca_cld3_adrastea.ko
0x2ed9da36	cfg80211_tdls_oper_request	qca_cld3_adrastea.ko
0x60086fcb	cfg80211_unlink_bss	qca_cld3_adrastea.ko
0x78912f9f	cfg80211_unregister_wdev	wil6210.ko
0x5075340e	cfg80211_update_owe_info_event	qca_cld3_adrastea.ko
0xa1f2ee3d	cfg80211_vendor_cmd_get_sender	qca_cld3_adrastea.ko
0xdee08106	cfg80211_vendor_cmd_reply	qca_cld3_adrastea.ko,wil6210.ko
0x0bbcbeb5	cgroup_path_ns	msm_sysstats.ko
0xd28e85de	cgroup_taskset_first	sched-walt.ko
0xe394ce72	cgroup_taskset_next	sched-walt.ko
0xbaf0ea57	check_move_unevictable_pages	msm_kgsl.ko
0xaec0cdf1	check_preempt_curr	sched-walt.ko
0x11a31520	check_smartpa_type	aw882xx_dlkm.ko,fs19xx_dlkm.ko
0x2db3bc61	check_zeroed_user	msm_kgsl.ko
0xc4a8b336	class_create_file_ns	aw882xx_dlkm.ko
0xaed3d17e	class_destroy	audio_pkt_dlkm.ko,audpkt_ion_dlkm.ko,bt_fm_slim.ko...
0x05754957	class_find_device	stm_core.ko
0xd2b0e789	class_for_each_device	mem_buf_dev.ko
0x1ef3a86c	class_interface_unregister	sg.ko
0x0aeb858c	class_remove_file_ns	aw882xx_dlkm.ko
0x1030b692	class_unregister	aw882xx_dlkm.ko,cfg80211.ko,mtd.ko...
0x0c567a5e	cld80211_get_genl_family	qca_cld3_adrastea.ko
0x63c909ed	cleanup_srcu_struct	msm_kgsl.ko,stm_core.ko
0x3d9ee9f0	clear_page	msm_kgsl.ko
0x8e8b6863	clk_alpha_pll_fixed_lucid_evo_ops	gcc-parrot.ko,gcc-ravelin.ko
0x1cea6292	clk_alpha_pll_lucid_evo_ops	camcc-parrot.ko,camcc-ravelin.ko,dispcc-parrot.ko...
0x38942b1b	clk_alpha_pll_postdiv_lucid_evo_ops	camcc-parrot.ko,camcc-ravelin.ko,gcc-parrot.ko...
0x5cb505c1	clk_alpha_pll_postdiv_rivian_evo_ops	camcc-parrot.ko,camcc-ravelin.ko
0xc6721d97	clk_alpha_pll_regs	camcc-parrot.ko,camcc-ravelin.ko,dispcc-parrot.ko...
0xc8f5400c	clk_alpha_pll_rivian_evo_ops	camcc-parrot.ko,camcc-ravelin.ko
0x9d3c8bc4	clk_branch2_aon_ops	gcc-parrot.ko,gcc-ravelin.ko,gpucc-parrot.ko...
0x87e55539	clk_branch2_hw_ctl_ops	gcc-parrot.ko,gcc-ravelin.ko
0xf12642ef	clk_branch2_ops	camcc-parrot.ko,camcc-ravelin.ko,dispcc-parrot.ko...
0x479f7d4b	clk_bulk_disable	icc-rpmh.ko,msm_kgsl.ko,qcom_q6v5_adsp.ko...
0xec68ba70	clk_bulk_enable	icc-rpmh.ko,msm_kgsl.ko,qcom_q6v5_adsp.ko...
0xeafe07b8	clk_bulk_prepare	icc-rpmh.ko,msm_kgsl.ko,qcom_q6v5_adsp.ko...
0xa8caa845	clk_bulk_put_all	icc-rpmh.ko
0x63c08029	clk_bulk_unprepare	icc-rpmh.ko,msm_kgsl.ko,qcom_q6v5_adsp.ko...
0x40fe4de8	clk_byte2_ops	dispcc-parrot.ko,dispcc-ravelin.ko
0xd91fe1c9	clk_debug_measure_add	clk-dummy.ko
0x71dc416b	clk_debug_measure_register	debugcc-parrot.ko,debugcc-ravelin.ko
0x61b21dd0	clk_debug_mux_ops	debugcc-parrot.ko,debugcc-ravelin.ko
0xb6e6d99d	clk_disable	arm_smmu.ko,bam_dma.ko,btpower.ko...
0x759124df	clk_dp_ops	dispcc-parrot.ko
0xa0907d04	clk_dummy_ops	debugcc-parrot.ko,debugcc-ravelin.ko
0x815588a6	clk_enable	arm_smmu.ko,bam_dma.ko,btpower.ko...
0x274e799a	clk_fixed_factor_ops	clk-qcom.ko
0xd484b507	clk_fixed_rate_ops	clk-qcom.ko
0xb770a9bd	clk_get	camera.ko,clk-qcom.ko,clk-spmi-pmic-div.ko...
0x556e4390	clk_get_rate	arm_smmu.ko,camera.ko,clk-qcom.ko...
0xee3aa642	clk_hw_get_flags	clk-qcom.ko
0xb62ec837	clk_hw_get_name	clk-qcom.ko,debugcc-parrot.ko,debugcc-ravelin.ko...
0xcc8b1059	clk_hw_get_num_parents	clk-qcom.ko,wcd9xxx_dlkm.ko
0x1f649fb1	clk_hw_get_parent	clk-qcom.ko
0xd5226df3	clk_hw_get_parent_by_index	clk-qcom.ko
0xc579ba2d	clk_hw_get_rate	clk-qcom.ko
0x3aa8fe71	clk_hw_is_enabled	clk-qcom.ko
0x6bbd50a6	clk_hw_is_prepared	clk-qcom.ko,clk-rpmh.ko
0x17128d7b	clk_hw_register	qcom_aoss.ko
0xb4f74ad4	clk_hw_round_rate	clk-qcom.ko
0x14316d81	clk_hw_unregister	qcom_aoss.ko
0x0796b784	clk_lucid_evo_pll_configure	camcc-parrot.ko,camcc-ravelin.ko,dispcc-parrot.ko...
0x60091316	clk_notifier_register	sdpm_clk.ko
0x719e17ff	clk_notifier_unregister	sdpm_clk.ko
0xae4e2284	clk_pixel_ops	dispcc-parrot.ko,dispcc-ravelin.ko
0x7c9a7371	clk_prepare	arm_smmu.ko,bam_dma.ko,btpower.ko...
0x2e1ca751	clk_put	camera.ko,clk-qcom.ko,clk-spmi-pmic-div.ko...
0x89110538	clk_rcg2_floor_ops	gcc-ravelin.ko
0x7796d3ff	clk_rcg2_ops	camcc-parrot.ko,camcc-ravelin.ko,dispcc-parrot.ko...
0x584b0b18	clk_register	msm_drm.ko
0xdd078d2b	clk_regmap_div_ops	dispcc-parrot.ko
0x8352a6e8	clk_regmap_div_ro_ops	dispcc-parrot.ko,dispcc-ravelin.ko,gcc-parrot.ko...
0xe3f03dfa	clk_regmap_mux_closest_ops	gcc-parrot.ko,gcc-ravelin.ko
0x6259d291	clk_restore_context	clk-qcom.ko
0x7d00dd78	clk_rivian_evo_pll_configure	camcc-parrot.ko,camcc-ravelin.ko
0x43f81957	clk_round_rate	arm_smmu.ko,camera.ko,clk-qcom.ko...
0x2396c7f0	clk_set_parent	msm_drm.ko,pci-msm-drv.ko,phy-msm-ssusb-qmp.ko...
0x76d9b876	clk_set_rate	arm_smmu.ko,camera.ko,clk-qcom.ko...
0x266dca8b	clk_sync_state	clk-qcom.ko
0xb077e70a	clk_unprepare	arm_smmu.ko,bam_dma.ko,btpower.ko...
0x1c66529e	cma_alloc	minidump.ko,qcom_dma_heaps.ko,qcom_iommu_util.ko
0xd8ae08a1	cma_get_name	cnss2.ko
0xc9a73749	cma_release	minidump.ko,qcom_dma_heaps.ko,qcom_iommu_util.ko
0x90651c92	cmd_db_is_standalone	qcom_rpmh.ko
0x08e39398	cmd_db_read_addr	clk-rpmh.ko,cnss2.ko,dcvs_fp.ko...
0xf0b2419f	cmd_db_read_aux_data	clk-rpmh.ko,dcvs_fp.ko,icc-rpmh.ko...
0x450d9a35	cmd_db_read_slave_id	rpmh-regulator.ko
0x5203d176	cmd_db_ready	cnss2.ko,qcom_rpmh.ko
0xb65296d9	cnss_plat_ipc_qmi_daemon_config	cnss2.ko
0x5657b1fe	cnss_plat_ipc_qmi_file_download	cnss2.ko
0x9546e7ec	cnss_plat_ipc_qmi_file_upload	cnss2.ko
0xce10a382	cnss_plat_ipc_register	cnss2.ko
0x7e699049	cnss_plat_ipc_unregister	cnss2.ko
0x42ac3501	cnss_utils_get_wlan_derived_mac_address	qca_cld3_adrastea.ko
0x6c694aef	cnss_utils_get_wlan_mac_address	qca_cld3_adrastea.ko
0xeecb40b4	cnss_utils_get_wlan_unsafe_channel	qca_cld3_adrastea.ko
0xecb8febc	cnss_utils_increment_driver_load_cnt	qca_cld3_adrastea.ko
0x6d7535cb	cnss_utils_set_wlan_unsafe_channel	qca_cld3_adrastea.ko
0x1e9e70e6	cnss_utils_wlan_get_dfs_nol	qca_cld3_adrastea.ko
0x8759c48e	cnss_utils_wlan_set_dfs_nol	qca_cld3_adrastea.ko
0xbffde8ec	compat_alloc_user_space	frpc-adsprpc.ko,qcedev-mod.ko,qseecom-mod.ko
0xfb13a35c	compat_ptr_ioctl	mem_buf.ko,stm_core.ko
0xa6257a2f	complete	altmode-glink.ko,camera.ko,cdsprm.ko...
0x93d6dd8c	complete_all	camera.ko,cdsprm.ko,cnss2.ko...
0x26cc73c3	complete_and_exit	qca_cld3_adrastea.ko
0xddf6ad7a	completion_done	camera.ko,glink_pkt.ko,msm_drm.ko...
0xa76d9111	component_add	camera.ko,msm_drm.ko,msm_kgsl.ko...
0xecf2f2c3	component_bind_all	camera.ko,msm_drm.ko,msm_kgsl.ko...
0x8a44ba45	component_del	camera.ko,msm_kgsl.ko,wcd937x_slave_dlkm.ko...
0xde57ffe2	component_master_add_with_match	camera.ko,msm_drm.ko,msm_kgsl.ko...
0x5b2a7703	component_master_del	camera.ko,msm_drm.ko,msm_kgsl.ko...
0xdc8a5b30	component_match_add_release	camera.ko,msm_drm.ko,msm_kgsl.ko...
0x9178093b	component_unbind_all	camera.ko,msm_drm.ko,msm_kgsl.ko...
0xe146dae9	config_ep_by_speed	usb_f_ccid.ko,usb_f_cdev.ko,usb_f_diag.ko...
0x1e2876a2	config_group_init	stm_core.ko
0xabedbe94	config_group_init_type_name	stm_core.ko,usb_f_ccid.ko,usb_f_cdev.ko...
0xc126a3fe	config_item_get	stm_core.ko
0x74396437	config_item_put	stm_core.ko
0xc4eb3fbe	configfs_register_subsystem	stm_core.ko
0xb1a706cc	configfs_unregister_subsystem	stm_core.ko
0x2592fc6c	console_printk	pm8941-pwrkey.ko
0x581b212b	console_stop	msm_geni_serial.ko
0x0366307a	console_suspend_enabled	msm_geni_serial.ko
0xd0d3d85c	consume_skb	cfg80211.ko,mhi_dev_netdev.ko,qca_cld3_adrastea.ko...
0xa714dd23	contig_page_data	mem-hooks.ko,mem-offline.ko,msm_sysstats.ko...
0x4531ab62	copy_from_kernel_nofault	qcom_cpu_vendor_hooks.ko
0x68d6b22e	core_ctl_notifier_register	msm_performance.ko
0xbfa9e450	core_ctl_notifier_unregister	msm_performance.ko
0xfb290810	coresight_add_sysfs_link	coresight-cti.ko
0x5a00e552	coresight_alloc_device_name	coresight-csr.ko,coresight-cti.ko,coresight-dummy.ko...
0xecfb329f	coresight_barrier_pkt	coresight-tmc.ko
0xc7fc5b2b	coresight_claim_device	coresight-cti.ko,coresight-tmc.ko
0xa972f735	coresight_claim_device_unlocked	coresight-funnel.ko,coresight-replicator.ko
0xb4feef5a	coresight_csr_get	coresight-hwevent.ko,coresight-tmc.ko
0x4dcbd5e8	coresight_csr_hwctrl_set	coresight-hwevent.ko
0xb437edd3	coresight_csr_set_byte_cntr	coresight-tmc.ko
0x4920e280	coresight_csr_set_etr_atid	coresight-tmc.ko
0x5e0decfd	coresight_disable	coresight-stm.ko,coresight-tpdm.ko
0x14b9f610	coresight_disclaim_device	coresight-cti.ko,coresight-tmc.ko
0xb6c76f38	coresight_disclaim_device_unlocked	coresight-cti.ko,coresight-funnel.ko,coresight-replicator.ko...
0xb1c7579f	coresight_enable	coresight-stm.ko
0x255dcc84	coresight_find_csdev_by_fwnode	coresight-cti.ko
0xb0341197	coresight_get_platform_data	coresight-csr.ko,coresight-dummy.ko,coresight-funnel.ko...
0xca233551	coresight_register	coresight-csr.ko,coresight-cti.ko,coresight-dummy.ko...
0x2d61a1cb	coresight_remove_csr_ops	coresight-tmc.ko
0x4a0e600f	coresight_remove_cti_ops	coresight-cti.ko
0xa3dd2e83	coresight_remove_sysfs_link	coresight-cti.ko
0x5b75c7e7	coresight_set_assoc_ectdev_mutex	coresight-cti.ko
0xdbb96161	coresight_set_csr_ops	coresight-tmc.ko
0xd4257cfd	coresight_set_cti_ops	coresight-cti.ko
0xeca1a8e2	coresight_timeout	coresight-stm.ko,coresight-tmc.ko
0xb0fce902	coresight_unregister	coresight-csr.ko,coresight-cti.ko,coresight-dummy.ko...
0x62ad2053	cpu_bit_bitmap	qca_cld3_adrastea.ko,qcom_lpm.ko
0xec2fc692	cpu_hwcap_keys	arm_smmu.ko,audio_pkt_dlkm.ko,aw882xx_dlkm.ko...
0x8b9f70c7	cpu_hwcaps	audio_pkt_dlkm.ko,aw882xx_dlkm.ko,btpower.ko...
0x54023c4e	cpu_irqtime	sched-walt.ko
0x589e1a22	cpu_latency_qos_add_request	cdsprm.ko,cnss2.ko,dwc3-msm.ko...
0x3aaa15b2	cpu_latency_qos_remove_request	cnss2.ko,dwc3-msm.ko,msm-cvp.ko...
0x7537226a	cpu_latency_qos_request_active	dwc3-msm.ko,msm-cvp.ko
0xdc528096	cpu_latency_qos_update_request	cdsprm.ko,dwc3-msm.ko,swr_ctrl_dlkm.ko
0x3465caa3	cpu_maps_update_begin	sched-walt.ko
0x7f62a045	cpu_maps_update_done	sched-walt.ko
0x7a2af7b4	cpu_number	arm_smmu.ko,bwmon.ko,camera.ko...
0x444f1735	cpu_pm_register_notifier	coresight-cti.ko,qcom-pmu-lib.ko,qcom_rpmh.ko...
0x4f98d766	cpu_pm_unregister_notifier	coresight-cti.ko,qcom-pmu-lib.ko,qcom_wdt_core.ko
0x014e8186	cpu_scale	msm_performance.ko,qcom-cpufreq-hw.ko,sched-walt.ko
0xbcb22632	cpu_subsys	core_hang_detect.ko,hyp_core_ctl.ko,qcom-dcvs.ko...
0x7281ec27	cpu_topology	frpc-adsprpc.ko,hyp_core_ctl.ko,machine_dlkm.ko...
0xfd9c086b	cpucp_plh_init	plh_scmi.ko
0x11ae8b62	cpucp_scmi_shared_rail_boost_init	shared_rail_scmi.ko
0x5a36e80e	cpufreq_cooling_unregister	qcom-cpufreq-hw.ko
0xafc92741	cpufreq_cpu_get	hyp_core_ctl.ko,mi_thermal_interface.ko,msm_performance.ko...
0x6f68f52b	cpufreq_cpu_get_raw	qcom-cpufreq-hw.ko,sched-walt.ko
0xc6c1b658	cpufreq_cpu_put	hyp_core_ctl.ko,msm_performance.ko,qti_cpufreq_cdev.ko...
0x11ef2a29	cpufreq_disable_fast_switch	sched-walt.ko
0x200c1e54	cpufreq_driver_fast_switch	sched-walt.ko
0x25bfbbf4	cpufreq_driver_resolve_freq	sched-walt.ko
0x983a8c92	cpufreq_enable_fast_switch	sched-walt.ko
0xaf27c791	cpufreq_freq_attr_scaling_available_freqs	qcom-cpufreq-hw.ko
0x32f984c1	cpufreq_freq_attr_scaling_boost_freqs	qcom-cpufreq-hw.ko
0xc289e46d	cpufreq_generic_frequency_table_verify	qcom-cpufreq-hw.ko
0x4a1d5729	cpufreq_get_policy	msm_performance.ko
0x33f0768c	cpufreq_quick_get_max	msm_11ad_proxy.ko,qca_cld3_adrastea.ko
0x92478eca	cpufreq_register_driver	qcom-cpufreq-hw.ko
0xb9c0f958	cpufreq_register_governor	sched-walt.ko
0x65d9e877	cpufreq_register_notifier	sched-walt.ko,sdpm_clk.ko
0x670c0e57	cpufreq_unregister_driver	qcom-cpufreq-hw.ko
0x6214aef2	cpufreq_unregister_notifier	sdpm_clk.ko
0xc319717f	cpuidle_governor_latency_req	qcom_lpm.ko
0x29be034b	cpuidle_register_governor	qcom_lpm.ko
0x92ad1db9	cpumask_next	core_hang_detect.ko,coresight.ko,cpu_hotplug.ko...
0x4445ab21	cpumask_next_and	guestvm_loader.ko,hyp_core_ctl.ko,qcom_lpm.ko...
0x9f7439c5	cpupri_find_fitness	sched-walt.ko
0xa04f945a	cpus_read_lock	coresight-cti.ko,msm_performance.ko,qcom-pmu-lib.ko...
0x18fb2caf	cpus_read_unlock	coresight-cti.ko,msm_performance.ko,qcom-pmu-lib.ko...
0xf928f1e0	cqhci_deactivate	sdhci-msm.ko
0x605742c9	cqhci_init	sdhci-msm.ko
0x366ceafc	cqhci_irq	sdhci-msm.ko
0x9f8b9c0f	cqhci_pltfm_init	sdhci-msm.ko
0x69dd3b5b	crc32_le	asix.ko,ax88179_178a.ko,cfg80211.ko...
0xe2aae5cc	crc8	pci-msm-drv.ko
0xaa8106bc	crc8_populate_msb	pci-msm-drv.ko
0x1306f7ab	crypto_aead_encrypt	qca_cld3_adrastea.ko
0x25fdb1f7	crypto_aead_setauthsize	qca_cld3_adrastea.ko
0x4513d353	crypto_aead_setkey	qca_cld3_adrastea.ko
0xcf8e5211	crypto_alloc_aead	qca_cld3_adrastea.ko
0xbb720070	crypto_alloc_base	zram.ko
0x714c001e	crypto_alloc_shash	qca_cld3_adrastea.ko
0x9b78c94c	crypto_alloc_skcipher	qca_cld3_adrastea.ko
0xa5028ec1	crypto_comp_compress	zram.ko
0x23431639	crypto_comp_decompress	zram.ko
0x77b204ab	crypto_destroy_tfm	qca_cld3_adrastea.ko,zram.ko
0x951a2773	crypto_has_alg	zram.ko
0xa703a889	crypto_qti_derive_raw_secret	cqhci.ko,ufshcd-crypto-qti.ko
0xfb12b622	crypto_qti_derive_raw_secret_platform	crypto-qti-common.ko
0x2c12aa48	crypto_qti_disable	sdhci-msm.ko,ufs_qcom.ko
0x1f13725f	crypto_qti_disable_platform	crypto-qti-common.ko
0x932e9f4f	crypto_qti_invalidate_key	crypto-qti-common.ko
0x10d214c8	crypto_qti_keyslot_evict	cqhci.ko,ufshcd-crypto-qti.ko
0xc9ab7f6b	crypto_qti_keyslot_program	cqhci.ko,ufshcd-crypto-qti.ko
0xf1278758	crypto_qti_program_key	crypto-qti-common.ko
0xe35cab54	crypto_register_alg	lzo-rle.ko,lzo.ko
0x681f4d3c	crypto_register_rngs	msm_rng.ko
0x36977ae6	crypto_register_scomp	lzo-rle.ko,lzo.ko
0x18115c4c	crypto_shash_final	qca_cld3_adrastea.ko
0x6e7e1d3c	crypto_shash_setkey	qca_cld3_adrastea.ko
0x4d2d32e1	crypto_shash_update	qca_cld3_adrastea.ko
0xd5f7efde	crypto_skcipher_decrypt	qca_cld3_adrastea.ko
0x3446b42a	crypto_skcipher_encrypt	qca_cld3_adrastea.ko
0x44461210	crypto_skcipher_setkey	qca_cld3_adrastea.ko
0x015e337f	crypto_unregister_alg	lzo-rle.ko,lzo.ko
0x986b5cd0	crypto_unregister_rngs	msm_rng.ko
0x8e4c29fc	crypto_unregister_scomp	lzo-rle.ko,lzo.ko
0x4791896c	css_next_child	sched-walt.ko
0x4d65cbd5	csum_ipv6_magic	rmnet_core.ko
0xe113bbbc	csum_partial	rmnet_core.ko
0xd25bc5d4	csum_tcpudp_nofold	rmnet_core.ko
0x2e72ceb5	d_path	sched-walt.ko
0x71551118	datagram_poll	qrtr.ko
0x320e9aeb	ddr_stats_freq_sync_send_msg	subsystem_sleep_stats.ko
0xdf2c24b3	deactivate_locked_super	mtd.ko
0xeab143a2	deactivate_task	sched-walt.ko
0xd1aca90a	dec_zone_page_state	zsmalloc.ko
0xfeea81cb	default_llseek	qca_cld3_adrastea.ko
0xe730994c	deferred_free	qcom_dma_heaps.ko
0x51a1d86d	del_gendisk	mtd_blkdevs.ko,zram.ko
0x4c69b368	del_mtd_blktrans_dev	mtdblock.ko
0xaa4008af	del_timer	cnss2.ko,guestvm_loader.ko,hyp_core_ctl.ko...
0xf15e728e	del_timer_sync	camera.ko,cnss2.ko,mem-offline.ko...
0x253af43d	delayed_work_timer_fn	altmode-glink.ko,aw882xx_dlkm.ko,cfg80211.ko...
0x1a4d338d	deregister_cld_cmd_cb	qca_cld3_adrastea.ko
0xfa95dc76	deregister_mtd_blktrans	mtdblock.ko
0xf3a4d615	deregister_mtd_parser	ofpart.ko
0x8c03d20c	destroy_workqueue	aw882xx_dlkm.ko,camera.ko,cdsprm.ko...
0xe64efc05	dev_alloc_name	qca_cld3_adrastea.ko
0x6c19e700	dev_change_net_namespace	cfg80211.ko
0x96dede89	dev_close	cfg80211.ko
0xf7ac4e77	dev_coredumpm	qcom_ramdump.ko
0x6080deff	dev_coredumpv	msm_video.ko,rproc_qcom_common.ko,wil6210.ko
0x4fdece8c	dev_driver_string	dwc3-msm.ko,ipam.ko,mhi.ko...
0x8949766d	dev_err_probe	arm_smmu.ko,qti-fixed-regulator.ko,sdhci-msm.ko...
0x56a118a1	dev_fwnode	coresight-cti.ko,coresight-funnel.ko,coresight-replicator.ko...
0x6674ac22	dev_get_by_index	cfg80211.ko
0xd00aeef9	dev_get_by_name	rmnet_core.ko,rmnet_perf_tether.ko,rmnet_wlan.ko...
0xe7e9b7c0	dev_get_by_name_rcu	rmnet_wlan.ko
0xa4d9b2d9	dev_get_regmap	bcl_pmic5.ko,clk-qcom.ko,clk-spmi-pmic-div.ko...
0x305fe032	dev_pm_domain_attach	qcom_rpmh.ko
0xd729ba52	dev_pm_domain_attach_by_name	qcom_q6v5_pas.ko
0x247f853b	dev_pm_domain_detach	qcom_q6v5_pas.ko
0x1ed39a02	dev_pm_genpd_add_notifier	qcom_lpm.ko,qcom_rpmh.ko
0x8a59704a	dev_pm_genpd_remove_notifier	qcom_lpm.ko
0xdad19ab6	dev_pm_genpd_set_next_wakeup	qcom_lpm.ko
0xab1cb0b8	dev_pm_genpd_set_performance_state	qcom_q6v5_adsp.ko,qcom_q6v5_pas.ko
0x09eb1e9f	dev_pm_opp_add	clk-qcom.ko,msm_kgsl.ko,qcom-cpufreq-hw.ko...
0xb3d98dc1	dev_pm_opp_find_freq_ceil	camera.ko
0x4e5e8a3a	dev_pm_opp_find_freq_exact	msm_kgsl.ko
0xfee6c990	dev_pm_opp_find_freq_floor	qti_devfreq_cdev.ko,sdpm_clk.ko
0x044c2e4c	dev_pm_opp_get_opp_count	msm_kgsl.ko,qcom-cpufreq-hw.ko,qti_devfreq_cdev.ko
0xf6251785	dev_pm_opp_get_voltage	camera.ko,msm_kgsl.ko
0x78e27b3f	dev_pm_opp_of_add_table	sdhci-msm.ko
0x0c5536cf	dev_pm_opp_of_find_icc_paths	sdhci-msm.ko
0xfb4b74d4	dev_pm_opp_of_register_em	qcom-cpufreq-hw.ko
0x7d69d0b2	dev_pm_opp_of_remove_table	sdhci-msm.ko
0x3d9baf7f	dev_pm_opp_put	msm_kgsl.ko,qti_devfreq_cdev.ko,sdpm_clk.ko
0x23befc12	dev_pm_opp_put_clkname	sdhci-msm.ko
0x23d39cc2	dev_pm_opp_remove	sdhci-msm-scaling.ko
0xdd07f02a	dev_pm_opp_remove_all_dynamic	qcom-cpufreq-hw.ko
0xd088ccc8	dev_pm_opp_set_clkname	sdhci-msm.ko
0x4382be55	dev_pm_opp_set_rate	sdhci-msm.ko
0x3ef005c1	dev_pm_opp_set_sharing_cpus	qcom-cpufreq-hw.ko
0xd4bf9547	dev_pm_qos_add_notifier	msm_kgsl.ko,qcom_lpm.ko
0x66e2a4b9	dev_pm_qos_add_request	cdsprm.ko,frpc-adsprpc.ko,machine_dlkm.ko...
0xf8bebc9d	dev_pm_qos_remove_notifier	msm_kgsl.ko,qcom_lpm.ko
0xc866d6b8	dev_pm_qos_remove_request	frpc-adsprpc.ko,machine_dlkm.ko,msm-eva.ko...
0xfe313071	dev_pm_qos_update_request	cdsprm.ko,frpc-adsprpc.ko,machine_dlkm.ko...
0xa2ef36e7	dev_printk	goodix_fod.ko
0xa4800538	dev_queue_xmit	rmnet_core.ko,rmnet_perf_tether.ko,rmnet_wlan.ko...
0xb02b15cb	dev_set_name	audio_pkt_dlkm.ko,bt_fm_slim.ko,cfg80211.ko...
0xf38bac94	devfreq_add_device	msm_kgsl.ko,sdhci-msm-scaling.ko
0x273f2dc0	devfreq_add_governor	msm_kgsl.ko
0xb2a916bd	devfreq_cooling_unregister	msm_kgsl.ko
0xdf603074	devfreq_get_devfreq_by_node	qti_devfreq_cdev.ko
0x0b254b19	devfreq_remove_device	msm_kgsl.ko,sdhci-msm-scaling.ko
0xfacf0a52	devfreq_remove_governor	msm_kgsl.ko
0xc613de72	devfreq_resume_device	msm_kgsl.ko,sdhci-msm-scaling.ko
0x2f1b4959	devfreq_suspend_device	msm_kgsl.ko,sdhci-msm-scaling.ko
0x6cd6b72e	device_add	cfg80211.ko,glink_pkt.ko,mhi.ko...
0x8d469b0e	device_add_disk	mtd_blkdevs.ko,zram.ko
0x7861be68	device_add_groups	qcom_glink.ko
0x20f92f09	device_create	audio_pkt_dlkm.ko,audpkt_ion_dlkm.ko,bt_fm_slim.ko...
0xe3aa3619	device_create_file	btpower.ko,dcc_v2.ko,glink_pkt.ko...
0x0053616f	device_create_with_groups	msm_drm.ko,xiaomi_touch.ko
0x68b544a3	device_del	cfg80211.ko,mhi.ko
0xa15d438d	device_destroy	audio_pkt_dlkm.ko,audpkt_ion_dlkm.ko,coresight-tmc.ko...
0xbffabe6e	device_find_child	msm_drm.ko,slimbus.ko
0xcc179d8b	device_for_each_child	arm_smmu.ko,gpr_dlkm.ko,mhi.ko...
0x911620d9	device_get_match_data	nvmem_qfprom.ko,pinctrl-spmi-gpio.ko,soc_sleep_stats.ko...
0x338ca7fa	device_init_wakeup	cnss2.ko,dwc3-msm.ko,eud.ko...
0xfcf513bb	device_initialize	cfg80211.ko,glink_pkt.ko,mem_buf_dev.ko...
0x092babff	device_link_add	arm_smmu.ko,msm_kgsl.ko
0x79da462d	device_match_fwnode	arm_smmu.ko,coresight.ko
0x6e31c083	device_match_name	stm_core.ko
0x70bcd326	device_property_present	usb_bam.ko
0x73fee19d	device_property_read_string	coresight-tmc.ko
0x4387b220	device_property_read_u16_array	pinctrl-msm.ko
0x3e7bc22f	device_property_read_u32_array	coresight-cti.ko
0xbd9d04d2	device_register	coresight.ko,frpc-adsprpc.ko,gpr_dlkm.ko...
0x164eb7f6	device_remove_file	memory_dump_v2.ko,msm_kgsl.ko,qca_cld3_adrastea.ko...
0x1bcd693c	device_rename	cfg80211.ko
0xe0805cf5	device_show_int	msm_kgsl.ko
0x3d8fff49	device_store_int	msm_kgsl.ko
0x4c863dd4	device_unregister	coresight.ko,frpc-adsprpc.ko,gpr_dlkm.ko...
0x90f67874	device_wakeup_disable	dwc3-msm.ko
0xa4c9b678	devm_add_action	clk-qcom.ko
0xb9e656a3	devm_blk_ksm_init	cqhci.ko,ufshcd-crypto-qti.ko
0x98b6363b	devm_clk_bulk_get	msm_drm.ko,qcom_q6v5_adsp.ko
0xba3f0ae2	devm_clk_bulk_get_all	icc-rpmh.ko,msm_kgsl.ko
0x36d574de	devm_clk_get	arm_smmu.ko,bam_dma.ko,btpower.ko...
0x18c817ed	devm_clk_get_optional	phy-msm-snps-hs.ko
0x2b70a8f9	devm_clk_hw_register	clk-qcom.ko,clk-rpmh.ko,clk-spmi-pmic-div.ko
0x62aa2ae0	devm_clk_put	camera.ko,cnss2.ko,msm_drm.ko
0xfba8befb	devm_clk_register	clk-dummy.ko,clk-qcom.ko,debugcc-parrot.ko...
0x183139b4	devm_clk_register_debug_mux	debugcc-parrot.ko,debugcc-ravelin.ko
0x71021beb	devm_device_add_group	cnss2.ko,icnss2.ko
0x1170bcca	devm_device_add_groups	fpc16xx.ko
0xf2e7791e	devm_device_remove_group	cnss2.ko,icnss2.ko
0x4ad3bb1e	devm_extcon_dev_allocate	eud.ko,mbhc_dlkm.ko,msm_ext_display.ko...
0x73940530	devm_extcon_dev_register	eud.ko,mbhc_dlkm.ko,msm_ext_display.ko...
0x6ddce08c	devm_extcon_dev_unregister	msm_ext_display.ko
0x2269b80c	devm_free_irq	arm_smmu.ko,aw882xx_dlkm.ko,bam_dma.ko...
0x5abd3951	devm_gpio_free	aw882xx_dlkm.ko
0x613844ff	devm_gpio_request_one	aw882xx_dlkm.ko,fs19xx_dlkm.ko,goodix_core.ko
0x00d96311	devm_gpiod_get_optional	phy-generic.ko,ufs_qcom.ko
0x5fee0220	devm_hwspin_lock_register	qcom_hwspinlock.ko
0x4c58767b	devm_iio_channel_get	dwc3-msm.ko,icnss2.ko,qcom-spmi-temp-alarm.ko
0xcf93e481	devm_iio_device_alloc	qcom-spmi-adc5.ko
0x3871fd85	devm_input_allocate_device	pm8941-pwrkey.ko,qcom-hv-haptics.ko,qpnp-power-on.ko
0x1dc7fa5f	devm_ioremap	arm_smmu.ko,bam_dma.ko,bwmon.ko...
0x33d29b07	devm_ioremap_resource	arm_smmu.ko,bam_dma.ko,clk-qcom.ko...
0x7ac06062	devm_ioremap_wc	qcom_q6v5_adsp.ko,qcom_q6v5_pas.ko,smem.ko
0xde2e4fad	devm_iounmap	gsim.ko,msm_drm.ko,msm_video.ko...
0x08ae120c	devm_kasprintf	coresight-cti.ko,coresight.ko,glink_pkt.ko...
0x0d604c3f	devm_kfree	adsp_loader_dlkm.ko,arm_smmu.ko,aw882xx_dlkm.ko...
0x08e2fd0c	devm_kmalloc	adsp_loader_dlkm.ko,altmode-glink.ko,arm_smmu.ko...
0x68c058f2	devm_kmemdup	msm_kgsl.ko
0x7c6e27f3	devm_krealloc	arm_smmu.ko
0xbcf94680	devm_kstrdup	coresight-cti.ko,coresight.ko,msm-cvp.ko...
0x78e191fd	devm_led_classdev_register_ext	leds-qpnp-vibrator-ldo.ko,leds-qti-tri-led.ko
0x2e4b5845	devm_memremap	cmd-db.ko
0x6a1bbc61	devm_nvmem_cell_get	qcom-hv-haptics.ko
0xcde59441	devm_nvmem_device_get	leds-qti-tri-led.ko,pmic-pon-log.ko,pwm-qti-lpg.ko...
0x0a35079c	devm_nvmem_register	nvmem_qcom-spmi-sdam.ko,nvmem_qfprom.ko
0x28f53e62	devm_of_clk_add_hw_provider	clk-qcom.ko,clk-rpmh.ko,clk-spmi-pmic-div.ko
0x02dbfdcc	devm_of_icc_get	arm_smmu.ko
0x87ce1e2e	devm_of_platform_populate	qcom-pon.ko,qcom-spmi-pmic.ko,qcom_rpmh.ko
0x8d795e56	devm_of_pwm_get	leds-qti-tri-led.ko,msm_drm.ko
0x6ede5728	devm_pci_alloc_host_bridge	pci-msm-drv.ko
0xd46b0d51	devm_phy_create	phy-qcom-ufs.ko
0xfc27fe52	devm_phy_get	ufs_qcom.ko
0xaa48f219	devm_pinctrl_get	camera.ko,cnss2.ko,coresight-cti.ko...
0x86f16c20	devm_pinctrl_put	camera.ko,coresight-cti.ko,focaltech_fts.ko...
0x22ff74c1	devm_pinctrl_register	pinctrl-msm.ko,pinctrl-spmi-gpio.ko,pinctrl-spmi-mpp.ko...
0x58c8c88b	devm_platform_get_and_ioremap_resource	arm_smmu.ko
0xbbd62b47	devm_platform_ioremap_resource	qcom_hwspinlock.ko,qcom_q6v5_adsp.ko,sdhci-msm.ko
0x6f34f37a	devm_power_supply_register	qti_battery_charger_main.ko
0xe4a96fe9	devm_pwm_put	msm_drm.ko
0x7b0f7589	devm_rc_allocate_device	ir-spi.ko
0xebf37fd4	devm_rc_register_device	ir-spi.ko
0xd99d2acd	devm_reboot_mode_register	qcom-pon.ko
0x7dfa85e2	devm_regmap_add_irq_chip	wcd_core_dlkm.ko
0x1cb2c300	devm_regmap_del_irq_chip	wcd_core_dlkm.ko
0xea4209ca	devm_regmap_field_alloc	qcom_hwspinlock.ko,qcom_tsens.ko
0x2333664d	devm_regulator_bulk_get	arm_smmu.ko,wcd_core_dlkm.ko
0x70f2ab09	devm_regulator_get	camera.ko,clk-qcom.ko,coresight-hwevent.ko...
0x6fe46aff	devm_regulator_get_optional	cnss2.ko,dwc3-msm.ko,icnss2.ko...
0x7a5af092	devm_regulator_proxy_consumer_register	gdsc-regulator.ko,qti-fixed-regulator.ko,rpmh-regulator.ko
0x20a662ef	devm_regulator_put	cnss2.ko,goodix_fod.ko,msm_drm.ko
0xa68c97e9	devm_regulator_register	gdsc-regulator.ko,phy-msm-snps-hs.ko,qcom-hv-haptics.ko...
0x13accf93	devm_regulator_register_notifier	msm_kgsl.ko,qcom_pm8008-regulator.ko
0x0ad16f82	devm_request_any_context_irq	rtc-pm8xxx.ko
0xfa8a5bb0	devm_request_threaded_irq	arm_smmu.ko,aw882xx_dlkm.ko,bam_dma.ko...
0x952c99e9	devm_reset_controller_register	clk-dummy.ko,clk-qcom.ko,qcom-scm.ko...
0x2bedc5ef	devm_rtc_allocate_device	rtc-pm8xxx.ko
0x8bf076c5	devm_snd_soc_register_card	machine_dlkm.ko
0xe83fa33e	devm_thermal_of_cooling_device_register	lpass_cdc_wsa2_macro_dlkm.ko,lpass_cdc_wsa_macro_dlkm.ko,qcom_aoss.ko...
0xffee951c	devm_thermal_zone_of_sensor_register	policy_engine.ko,qcom-spmi-temp-alarm.ko,qcom_tsens.ko...
0x5519bee0	devm_usb_get_phy_by_node	dwc3-msm.ko
0x4a0be389	devm_usb_get_phy_by_phandle	msm_drm.ko
0x215b8cfc	devres_add	proxy-consumer.ko,qcom_esoc.ko,reboot-mode.ko
0x54915ecc	devres_alloc_node	proxy-consumer.ko,qcom_esoc.ko,reboot-mode.ko
0xe93e49c3	devres_free	proxy-consumer.ko,reboot-mode.ko
0xf06d8a99	devres_release	proxy-consumer.ko,qcom_esoc.ko,reboot-mode.ko
0x50d84231	digital_cdc_rsc_mgr_hw_vote_disable	lpass_cdc_dlkm.ko,machine_dlkm.ko,pinctrl_lpi_dlkm.ko...
0x910302ce	digital_cdc_rsc_mgr_hw_vote_enable	lpass_cdc_dlkm.ko,machine_dlkm.ko,pinctrl_lpi_dlkm.ko...
0x05850611	digital_cdc_rsc_mgr_hw_vote_reset	pinctrl_lpi_dlkm.ko
0x3ce4ca6f	disable_irq	aw882xx_dlkm.ko,camera.ko,cnss2.ko...
0x27bbf221	disable_irq_nosync	bcl_pmic5.ko,dwc3-msm.ko,focaltech_3683g.ko...
0xf21e1f9b	disable_percpu_irq	qcom_wdt_core.ko
0x64733cf7	disk_end_io_acct	zram.ko
0xbff2915e	disk_start_io_acct	zram.ko
0x5e798ffb	divider_get_val	clk-qcom.ko
0x8486edbe	divider_recalc_rate	clk-qcom.ko
0xeb1fb02e	divider_ro_round_rate_parent	clk-qcom.ko
0x0e755f4a	divider_round_rate_parent	clk-qcom.ko
0xff8e54c1	dma_alloc_attrs	bam_dma.ko,cnss2.ko,dwc3-msm.ko...
0x65d928a8	dma_alloc_noncoherent	coresight-tmc.ko
0x4acb01d4	dma_async_device_register	bam_dma.ko,gpi.ko
0x18b32d32	dma_async_device_unregister	bam_dma.ko,gpi.ko
0x0090f270	dma_async_tx_descriptor_init	bam_dma.ko,gpi.ko
0x23ce83ac	dma_buf_attach	audpkt_ion_dlkm.ko,camera.ko,frpc-adsprpc.ko...
0x71f605a9	dma_buf_begin_cpu_access	audpkt_ion_dlkm.ko,camera.ko,frpc-adsprpc.ko...
0x96ab14ac	dma_buf_begin_cpu_access_partial	frpc-adsprpc.ko,msm-cvp.ko,msm-eva.ko...
0x78ec79c1	dma_buf_detach	audpkt_ion_dlkm.ko,camera.ko,frpc-adsprpc.ko...
0xd1764430	dma_buf_end_cpu_access	audpkt_ion_dlkm.ko,camera.ko,frpc-adsprpc.ko...
0x8d3aa059	dma_buf_end_cpu_access_partial	frpc-adsprpc.ko,msm-cvp.ko,msm-eva.ko...
0xfb1bfabb	dma_buf_export	mem_buf_dev.ko,msm_drm.ko
0xde32d214	dma_buf_fd	camera.ko,mem_buf.ko,smcinvoke_mod.ko
0x6a6d5fb3	dma_buf_get	audpkt_ion_dlkm.ko,camera.ko,frpc-adsprpc.ko...
0x02af4960	dma_buf_get_flags	camera.ko,msm_drm.ko
0x20d2f8c3	dma_buf_map_attachment	audpkt_ion_dlkm.ko,camera.ko,frpc-adsprpc.ko...
0x98c2b0fc	dma_buf_put	audpkt_ion_dlkm.ko,camera.ko,frpc-adsprpc.ko...
0x0e1506dd	dma_buf_unmap_attachment	audpkt_ion_dlkm.ko,camera.ko,frpc-adsprpc.ko...
0xb6a444cd	dma_buf_vmap	audpkt_ion_dlkm.ko,camera.ko,msm-cvp.ko...
0x90a8a2dc	dma_buf_vunmap	audpkt_ion_dlkm.ko,camera.ko,msm-cvp.ko...
0x4fd950ed	dma_contiguous_default_area	minidump.ko
0x8e21c9a1	dma_fence_add_callback	msm_kgsl.ko,synx-driver.ko
0x03e713a5	dma_fence_array_create	msm_kgsl.ko,qcom_sync_file.ko,synx-driver.ko
0xe03a689d	dma_fence_array_ops	msm_kgsl.ko,synx-driver.ko
0x14605535	dma_fence_context_alloc	msm_drm.ko,msm_kgsl.ko,msm_video.ko...
0x350ea558	dma_fence_default_wait	msm_drm.ko,msm_kgsl.ko,synx-driver.ko
0x8d9ca0e6	dma_fence_enable_sw_signaling	qcom_sync_file.ko,synx-driver.ko
0xdd8166a1	dma_fence_free	msm_kgsl.ko
0x2e0b1deb	dma_fence_get_status	msm_drm.ko,qcom_sync_file.ko,synx-driver.ko
0x16dee44d	dma_fence_init	msm_drm.ko,msm_kgsl.ko,msm_video.ko...
0xe123f3d9	dma_fence_release	minidump.ko,msm_drm.ko,msm_kgsl.ko...
0x3b20fb95	dma_fence_remove_callback	msm_kgsl.ko,synx-driver.ko
0x731c4a9c	dma_fence_signal	minidump.ko,msm_drm.ko,msm_kgsl.ko...
0x3d02cd70	dma_fence_signal_locked	msm_drm.ko,msm_kgsl.ko,synx-driver.ko
0x8455e3a7	dma_fence_signal_timestamp_locked	msm_drm.ko
0x98c039dc	dma_fence_wait_timeout	msm_drm.ko,msm_kgsl.ko,synx-driver.ko
0x9cb025a4	dma_free_attrs	bam_dma.ko,cnss2.ko,dwc3-msm.ko...
0xf67e7543	dma_free_noncoherent	coresight-tmc.ko
0x1e0d911f	dma_get_sgtable_attrs	cnss2.ko,dwc3-msm.ko,memory_dump_v2.ko...
0x4f2c12b9	dma_get_slave_channel	bam_dma.ko,gpi.ko
0xeb4f0f24	dma_heap_add	qcom_dma_heaps.ko
0x76af8aef	dma_heap_buffer_alloc	camera.ko,mem_buf.ko,msm-cvp.ko...
0x0711d5c6	dma_heap_buffer_free	msm-cvp.ko,msm-eva.ko,msm_video.ko
0xeff75c0b	dma_heap_find	camera.ko,mem_buf.ko,msm-cvp.ko...
0x7b7a1346	dma_heap_get_dev	qcom_dma_heaps.ko
0xf39b6569	dma_heap_get_drvdata	qcom_dma_heaps.ko
0xed3a3cb3	dma_heap_get_name	qcom_dma_heaps.ko
0x020f420a	dma_map_page_attrs	coresight-tmc.ko,dwc3-msm.ko,ipam.ko...
0x6be11a94	dma_map_resource	coresight-tmc.ko,dwc3-msm.ko,icnss2.ko...
0x90b51f72	dma_map_sg_attrs	cqhci.ko,mem_buf_dev.ko,msm_dma_iommu_mapping.ko...
0x29933d95	dma_mmap_attrs	ipam.ko
0x797a0ce8	dma_release_channel	i2c-msm-geni.ko,slim-qcom-ngd-ctrl.ko,spi-msm-geni.ko
0xc077b600	dma_request_chan	i2c-msm-geni.ko,slim-qcom-ngd-ctrl.ko,spi-msm-geni.ko
0xa07cba3a	dma_resv_fini	msm_drm.ko
0xd48625a8	dma_resv_init	msm_drm.ko
0x47f0d9e4	dma_resv_wait_timeout_rcu	msm_drm.ko
0xbdc9a589	dma_set_coherent_mask	arm_smmu.ko,bam_dma.ko,cnss2.ko...
0x77561cbf	dma_set_mask	arm_smmu.ko,bam_dma.ko,cnss2.ko...
0xa5aafd87	dma_sync_sg_for_cpu	msm_dma_iommu_mapping.ko,qcom_dma_heaps.ko
0x0b175f0a	dma_sync_sg_for_device	msm_dma_iommu_mapping.ko,msm_drm.ko,msm_kgsl.ko...
0x2441982e	dma_sync_single_for_cpu	coresight-tmc.ko,ipam.ko,mhi_dev_netdev.ko...
0x25386806	dma_sync_single_for_device	coresight-tmc.ko,ipam.ko,mhi_dev_netdev.ko...
0xc30b6f92	dma_unmap_page_attrs	coresight-tmc.ko,dwc3-msm.ko,ipam.ko...
0x2d7c2250	dma_unmap_resource	pci-msm-drv.ko,usb_bam.ko,usb_f_qdss.ko
0x335a4cc9	dma_unmap_sg_attrs	cqhci.ko,mem_buf_dev.ko,msm_dma_iommu_mapping.ko...
0xabfad8bd	dmam_alloc_attrs	cqhci.ko,gpi.ko,i2c-msm-geni.ko...
0xc952f2fb	dmam_free_coherent	cqhci.ko
0x4c2b1d40	dms_get_mac_address_req_msg_v01_ei	cnss2.ko,icnss2.ko
0x40bcd2b8	dms_get_mac_address_resp_msg_v01_ei	cnss2.ko,icnss2.ko
0x952664c5	do_exit	camera.ko,cdsprm.ko,msm-cvp.ko...
0x5b2f27fb	do_wait_intr	msm_drm.ko
0x6626afca	down	camera.ko
0x3355da1c	down_read	camera.ko,cnss2.ko,frpc-adsprpc.ko...
0x88f5cdef	down_read_trylock	wil6210.ko
0x28ed2847	down_write	camera.ko,cnss2.ko,pmic_glink.ko...
0xd0e551cc	down_write_trylock	wil6210.ko
0xa38602cd	drain_workqueue	rmnet_core.ko,rmnet_shs.ko,usb_f_gsi.ko
0xe9be3e81	driver_find_device	arm_smmu.ko
0x83dd6564	driver_register	frpc-adsprpc.ko,gpr_dlkm.ko,mhi.ko...
0xc6a256d1	driver_unregister	camera.ko,focaltech_3683g.ko,focaltech_fts.ko...
0xf2f17598	drm_add_edid_modes	msm_drm.ko
0x60472d90	drm_add_modes_noedid	msm_drm.ko
0xe352ab99	drm_atomic_commit	msm_drm.ko
0x96ac3680	drm_atomic_get_connector_state	msm_drm.ko
0xcfcf6395	drm_atomic_get_crtc_state	msm_drm.ko
0x7beddf1f	drm_atomic_get_plane_state	msm_drm.ko
0x180cd282	drm_atomic_get_private_obj_state	msm_drm.ko
0x692f8b9c	drm_atomic_helper_check	msm_drm.ko
0x5baed964	drm_atomic_helper_cleanup_planes	msm_drm.ko
0xa54827b1	drm_atomic_helper_commit_duplicated_state	msm_drm.ko
0x150b24b9	drm_atomic_helper_commit_hw_done	msm_drm.ko
0xbcb246a9	drm_atomic_helper_commit_modeset_disables	msm_drm.ko
0x99873a98	drm_atomic_helper_commit_modeset_enables	msm_drm.ko
0x80626a05	drm_atomic_helper_commit_planes	msm_drm.ko
0x84565b26	drm_atomic_helper_dirtyfb	msm_drm.ko
0x842db160	drm_atomic_helper_disable_plane	msm_drm.ko
0x9d88e32e	drm_atomic_helper_duplicate_state	msm_drm.ko
0x19df1c45	drm_atomic_helper_page_flip	msm_drm.ko
0x35b78d1f	drm_atomic_helper_prepare_planes	msm_drm.ko
0x14a8f2b5	drm_atomic_helper_set_config	msm_drm.ko
0x1a04eebf	drm_atomic_helper_shutdown	msm_drm.ko
0xfbbc839e	drm_atomic_helper_swap_state	msm_drm.ko
0x1337c1b7	drm_atomic_helper_update_legacy_modeset_state	msm_drm.ko
0x217ead70	drm_atomic_helper_update_plane	msm_drm.ko
0xdcade563	drm_atomic_helper_wait_for_fences	msm_drm.ko
0xce77bcb3	drm_atomic_helper_wait_for_vblanks	msm_drm.ko
0x1b3decd2	drm_atomic_private_obj_init	msm_drm.ko
0xa6714677	drm_atomic_set_crtc_for_connector	msm_drm.ko
0xadd13157	drm_atomic_set_crtc_for_plane	msm_drm.ko
0x96cc10d3	drm_atomic_set_fb_for_plane	msm_drm.ko
0xa7509211	drm_atomic_set_fence_for_plane	msm_drm.ko
0xaa5c5d28	drm_atomic_set_mode_for_crtc	msm_drm.ko
0xa93dcc98	drm_atomic_state_alloc	msm_drm.ko
0xe755bda1	drm_atomic_state_clear	msm_drm.ko
0xa4c6be0f	drm_atomic_state_default_clear	msm_drm.ko
0xacc27630	drm_atomic_state_default_release	msm_drm.ko
0x19f68ff1	drm_atomic_state_init	msm_drm.ko
0x9930b203	drm_bridge_attach	msm_drm.ko
0x6b30653f	drm_bridge_chain_disable	msm_drm.ko
0x361a1cef	drm_bridge_chain_enable	msm_drm.ko
0xe51e6c8c	drm_bridge_chain_mode_set	msm_drm.ko
0x63473c78	drm_bridge_chain_post_disable	msm_drm.ko
0xdde181c0	drm_bridge_chain_pre_enable	msm_drm.ko
0x51e18b59	drm_client_init	msm_drm.ko
0x8238c7a8	drm_client_modeset_commit_locked	msm_drm.ko
0x472661d4	drm_client_register	msm_drm.ko
0x2f97225f	drm_compat_ioctl	msm_drm.ko
0x2f4eb48a	drm_connector_attach_encoder	msm_drm.ko
0x01d77ae2	drm_connector_cleanup	msm_drm.ko
0xdd5aff39	drm_connector_init	msm_drm.ko
0xe055337e	drm_connector_list_iter_begin	msm_drm.ko
0xedcf1b6c	drm_connector_list_iter_end	msm_drm.ko
0x359ddb29	drm_connector_list_iter_next	msm_drm.ko
0xf4cf6847	drm_connector_unregister	msm_drm.ko
0x55c752c7	drm_connector_update_edid_property	msm_drm.ko
0x86764259	drm_crtc_cleanup	msm_drm.ko
0x1db89fbb	drm_crtc_handle_vblank	msm_drm.ko
0x5386309e	drm_crtc_init_with_planes	msm_drm.ko
0x9713e164	drm_crtc_send_vblank_event	msm_drm.ko
0xa72ccd01	drm_crtc_set_max_vblank_count	msm_drm.ko
0x5960448b	drm_crtc_vblank_off	msm_drm.ko
0xed570c2a	drm_crtc_vblank_on	msm_drm.ko
0x3eed91a7	drm_crtc_vblank_reset	msm_drm.ko
0x606bb8be	drm_crtc_wait_one_vblank	msm_drm.ko
0xa8ad5d01	drm_detect_hdmi_monitor	msm_drm.ko
0x66551bc7	drm_detect_monitor_audio	msm_drm.ko
0xd7f7f9cb	drm_dev_alloc	msm_drm.ko
0x96114069	drm_dev_dbg	msm_drm.ko
0xf9200ff7	drm_dev_printk	msm_drm.ko
0x02f056a6	drm_dev_put	msm_drm.ko
0xe262632f	drm_dev_register	msm_drm.ko
0xf96ba9c2	drm_dev_unregister	msm_drm.ko
0x81ef104a	drm_dp_atomic_find_vcpi_slots	msm_drm.ko
0x8bc78d40	drm_dp_atomic_release_vcpi_slots	msm_drm.ko
0x10bcb8f7	drm_dp_aux_register	msm_drm.ko
0xa341b6b2	drm_dp_aux_unregister	msm_drm.ko
0x73011db0	drm_dp_bw_code_to_link_rate	msm_drm.ko
0x8ca2d9e4	drm_dp_calc_pbn_mode	msm_drm.ko
0xedcf81ce	drm_dp_channel_eq_ok	msm_drm.ko
0xd3303a73	drm_dp_check_act_status	msm_drm.ko
0x8d701329	drm_dp_clock_recovery_ok	msm_drm.ko
0x8494d76d	drm_dp_dpcd_read	msm_drm.ko
0xf7360eeb	drm_dp_dpcd_read_link_status	msm_drm.ko
0xf2cc5463	drm_dp_dpcd_write	msm_drm.ko
0xcebab650	drm_dp_find_vcpi_slots	msm_drm.ko
0x582f248e	drm_dp_get_adjust_request_pre_emphasis	msm_drm.ko
0xc5c99a79	drm_dp_get_adjust_request_voltage	msm_drm.ko
0x26815dbc	drm_dp_link_rate_to_bw_code	msm_drm.ko
0x48b62a57	drm_dp_link_train_channel_eq_delay	msm_drm.ko
0xa6ff9496	drm_dp_link_train_clock_recovery_delay	msm_drm.ko
0x7db49d57	drm_dp_mst_allocate_vcpi	msm_drm.ko
0xa82bcd24	drm_dp_mst_deallocate_vcpi	msm_drm.ko
0x86529178	drm_dp_mst_detect_port	msm_drm.ko
0x3ea77bc6	drm_dp_mst_get_edid	msm_drm.ko
0xdc1d79e3	drm_dp_mst_get_port_malloc	msm_drm.ko
0x2276ce5a	drm_dp_mst_hpd_irq	msm_drm.ko
0x9a17e58a	drm_dp_mst_put_port_malloc	msm_drm.ko
0x146a9390	drm_dp_mst_reset_vcpi_slots	msm_drm.ko
0x6ff7e25b	drm_dp_mst_topology_mgr_destroy	msm_drm.ko
0xd19820ac	drm_dp_mst_topology_mgr_init	msm_drm.ko
0x82734823	drm_dp_mst_topology_mgr_set_mst	msm_drm.ko
0xe5db64c9	drm_dp_send_power_updown_phy	msm_drm.ko
0xa672742a	drm_dp_update_payload_part1	msm_drm.ko
0x743dd0a5	drm_dp_update_payload_part2	msm_drm.ko
0x47f985aa	drm_edid_duplicate	msm_drm.ko
0xc7afb20d	drm_encoder_cleanup	msm_drm.ko
0xea34be1a	drm_encoder_init	msm_drm.ko
0xcf139136	drm_event_reserve_init_locked	msm_drm.ko
0xf826786c	drm_format_info	msm_drm.ko
0xb9dd612e	drm_framebuffer_init	msm_drm.ko
0x49010238	drm_framebuffer_lookup	msm_drm.ko
0x37d5d86b	drm_framebuffer_remove	msm_drm.ko
0xfbfcbe52	drm_framebuffer_unregister_private	msm_drm.ko
0xec607e9a	drm_gem_create_mmap_offset	msm_drm.ko
0xef23a4dc	drm_gem_fb_create_handle	msm_drm.ko
0xb0c2f258	drm_gem_fb_destroy	msm_drm.ko
0xe0d57ca0	drm_gem_fb_get_obj	msm_drm.ko
0x27cff30e	drm_gem_free_mmap_offset	msm_drm.ko
0x6593ebc4	drm_gem_get_pages	msm_drm.ko
0x8a94de1d	drm_gem_handle_create	msm_drm.ko
0xe980d2dd	drm_gem_mmap	msm_drm.ko
0x78159296	drm_gem_mmap_obj	msm_drm.ko
0xd680a377	drm_gem_object_free	msm_drm.ko
0xe172fd78	drm_gem_object_init	msm_drm.ko
0xd93e0ec9	drm_gem_object_lookup	msm_drm.ko
0x38468f02	drm_gem_object_put_locked	msm_drm.ko
0xbff5d082	drm_gem_object_release	msm_drm.ko
0x6b0723bf	drm_gem_prime_export	msm_drm.ko
0xa898adb5	drm_gem_prime_fd_to_handle	msm_drm.ko
0xe509f9ec	drm_gem_prime_handle_to_fd	msm_drm.ko
0xbcec362c	drm_gem_private_object_init	msm_drm.ko
0xa47ae2ac	drm_gem_put_pages	msm_drm.ko
0xa889b343	drm_gem_vm_close	msm_drm.ko
0xe776a25c	drm_gem_vm_open	msm_drm.ko
0x0fd60df2	drm_get_connector_status_name	msm_drm.ko
0xf406e46a	drm_get_connector_type_name	msm_drm.ko
0x21ce08ef	drm_get_edid	msm_drm.ko
0x400fbf4b	drm_get_format_info	msm_drm.ko
0xcbe056f2	drm_helper_hpd_irq_event	msm_drm.ko
0x61c378c0	drm_helper_mode_fill_fb_struct	msm_drm.ko
0x2779624c	drm_helper_probe_single_connector_modes	msm_drm.ko
0x9ec8fb1e	drm_ioctl	msm_drm.ko
0xa09e6fcb	drm_irq_install	msm_drm.ko
0x9f7dd33e	drm_irq_uninstall	msm_drm.ko
0xcb066c4a	drm_is_current_master	msm_drm.ko
0xe58032b4	drm_kms_helper_poll_disable	msm_drm.ko
0x908aa9a1	drm_kms_helper_poll_enable	msm_drm.ko
0x66c1a456	drm_kms_helper_poll_fini	msm_drm.ko
0x89f7b524	drm_kms_helper_poll_init	msm_drm.ko
0xf0517d7a	drm_mm_init	msm_drm.ko
0xb4032484	drm_mm_insert_node_in_range	msm_drm.ko
0x4b7ebf95	drm_mm_remove_node	msm_drm.ko
0x57698a50	drm_mm_takedown	msm_drm.ko
0x6b2a8376	drm_mode_config_cleanup	msm_drm.ko
0xd7b26e13	drm_mode_config_reset	msm_drm.ko
0x8befb073	drm_mode_convert_umode	msm_drm.ko
0x9ce050be	drm_mode_copy	msm_drm.ko
0x81d1f74f	drm_mode_create	msm_drm.ko
0x68029902	drm_mode_create_dp_colorspace_property	msm_drm.ko
0x2ed3c600	drm_mode_debug_printmodeline	msm_drm.ko
0xf457c7f9	drm_mode_duplicate	msm_drm.ko
0x0d9b4753	drm_mode_equal	msm_drm.ko
0x403bd3ea	drm_mode_is_420_only	msm_drm.ko
0x9b95c885	drm_mode_match	msm_drm.ko
0xd1619b01	drm_mode_object_find	msm_drm.ko
0x64424962	drm_mode_object_get	msm_drm.ko
0x3e363f04	drm_mode_object_put	msm_drm.ko
0x315856c1	drm_mode_probed_add	msm_drm.ko
0x4575a0ca	drm_mode_set_crtcinfo	msm_drm.ko
0x4a35d30d	drm_mode_set_name	msm_drm.ko
0xf1b5340a	drm_mode_vrefresh	msm_drm.ko
0x3e5c271d	drm_modeset_acquire_fini	msm_drm.ko
0x18f40ec8	drm_modeset_acquire_init	msm_drm.ko
0xc8a2e63f	drm_modeset_backoff	msm_drm.ko
0x25198153	drm_modeset_drop_locks	msm_drm.ko
0xe375a3e9	drm_modeset_lock	msm_drm.ko
0xc4533e7a	drm_modeset_lock_all	msm_drm.ko
0x67ce5a86	drm_modeset_lock_all_ctx	msm_drm.ko
0x20f84a83	drm_modeset_unlock_all	msm_drm.ko
0x858af71d	drm_object_attach_property	msm_drm.ko
0xbcee8305	drm_object_property_set_value	msm_drm.ko
0x5d1bbe5f	drm_of_component_match_add	msm_drm.ko
0x4ceab6a7	drm_open	msm_drm.ko
0x4d83c597	drm_panel_add	msm_drm.ko
0xc9fbd455	drm_panel_init	msm_drm.ko
0x395cff88	drm_panel_remove	msm_drm.ko
0x1e603acc	drm_plane_cleanup	msm_drm.ko
0x5f0e0b33	drm_plane_create_rotation_property	msm_drm.ko
0x7b227ad9	drm_poll	msm_drm.ko
0x7cac31ca	drm_prime_gem_destroy	msm_drm.ko
0x79319a20	drm_prime_pages_to_sg	msm_drm.ko
0xaa9127be	drm_property_blob_get	msm_drm.ko
0x11152d5f	drm_property_blob_put	msm_drm.ko
0x38d1c351	drm_property_create	msm_drm.ko
0x44dc4203	drm_property_create_bitmask	msm_drm.ko
0xca6b1aea	drm_property_create_blob	msm_drm.ko
0x03378688	drm_property_create_enum	msm_drm.ko
0x574cd639	drm_property_create_range	msm_drm.ko
0x16e56081	drm_property_lookup_blob	msm_drm.ko
0xe0db97f8	drm_read	msm_drm.ko
0x331ce3aa	drm_release	msm_drm.ko
0xdf666902	drm_rotation_simplify	msm_drm.ko
0xc6ff96a5	drm_send_event_locked	msm_drm.ko
0x00474501	drm_set_preferred_mode	msm_drm.ko
0x9a48b69b	drm_universal_plane_init	msm_drm.ko
0xac2edca8	drm_vblank_init	msm_drm.ko
0xc02b8bb8	drm_wait_one_vblank	msm_drm.ko
0x93227e53	drmm_mode_config_init	msm_drm.ko
0x2134d002	dst_release	rmnet_wlan.ko
0x9624fa3f	dump_enabled	cnss2.ko,frpc-adsprpc.ko,icnss2.ko
0x6b2dc060	dump_stack	camera.ko,qca_cld3_adrastea.ko
0x827e1248	dup_gh_sgl_desc_to_sgt	mem_buf.ko
0xc61dac55	dwc3_msm_set_dp_mode	msm_drm.ko
0xfcec0987	enable_irq	aw882xx_dlkm.ko,bcl_pmic5.ko,camera.ko...
0x335c570f	enable_percpu_irq	qcom_wdt_core.ko
0x04b8d8d5	eth_mac_addr	asix.ko,rndisipam.ko,wil6210.ko
0x9d87af68	eth_platform_get_mac_address	asix.ko,ax88179_178a.ko
0x7e6b876f	eth_type_trans	cfg80211.ko,qca_cld3_adrastea.ko,rndisipam.ko...
0x4b633b2a	eth_validate_addr	asix.ko,ax88179_178a.ko,wil6210.ko
0x8ae479d2	ether_setup	ipam.ko,mhi_dev_netdev.ko,qca_cld3_adrastea.ko...
0xda9a2b40	ethtool_op_get_link	ax88179_178a.ko
0xd46f0bf1	ethtool_op_get_ts_info	ax88179_178a.ko
0x7c087dd1	event_triggers_call	arm_smmu.ko,camera.ko,cfg80211.ko...
0xd67364f7	eventfd_ctx_fdget	gh_virtio_backend.ko
0x1fa1b0a1	eventfd_ctx_fileget	gh_virtio_backend.ko
0x941f2aaa	eventfd_ctx_put	gh_virtio_backend.ko
0x41ed3cec	eventfd_ctx_remove_wait_queue	gh_virtio_backend.ko
0xdf0f75c6	eventfd_signal	gh_virtio_backend.ko
0x81b79cd8	extcon_get_edev_by_phandle	dwc3-msm.ko
0x8ba9dd33	extcon_get_edev_name	dwc3-msm.ko
0x5646823a	extcon_get_property	dwc3-msm.ko,phy-msm-snps-hs.ko
0x652bbe55	extcon_get_state	dwc3-msm.ko,msm_ext_display.ko,phy-msm-snps-hs.ko
0x38e5e394	extcon_register_notifier	dwc3-msm.ko
0x8ec996af	extcon_set_property	phy-msm-snps-hs.ko
0xeb795f74	extcon_set_property_capability	phy-msm-snps-hs.ko,qti_battery_charger_main.ko
0x42e7846b	extcon_set_state	eud.ko
0xafb7a5e0	extcon_set_state_sync	eud.ko,mbhc_dlkm.ko,msm_ext_display.ko...
0xa547f5ab	fast_smmu_init_mapping	arm_smmu.ko
0x2bec64d1	fast_smmu_put_dma_cookie	arm_smmu.ko
0x868ee60d	fasync_helper	sg.ko
0x477cd9ea	fd_install	mem_buf.ko,msm_drm.ko,msm_kgsl.ko...
0xedea10b6	fget	mem_buf.ko,mem_buf_dev.ko,smcinvoke_mod.ko
0x95c3c606	find_get_pid	msm-eva.ko
0xb6a68816	find_last_bit	gpi.ko,hyp_core_ctl.ko,mhi.ko...
0xc0a3d105	find_next_bit	arm_smmu.ko,camera.ko,coresight.ko...
0x479c3c86	find_next_zero_bit	arm_smmu.ko,camera.ko,goodix_fod.ko...
0x948eede7	find_snd_usb_substream	snd-usb-audio-qmi.ko
0x467b4f22	find_task_by_vpid	msm_sysstats.ko
0x87951235	find_vma	frpc-adsprpc.ko,msm_kgsl.ko
0x0a7b5129	find_vpid	hung_task_enh.ko,sched-walt.ko
0x92540fbf	finish_wait	audio_pkt_dlkm.ko,audio_prm_dlkm.ko,camera.ko...
0x3ab5db03	firmware_request_from_smcinvoke	hdcp.ko
0x00be9455	firmware_request_nowarn	camera.ko,cnss2.ko,qca_cld3_adrastea.ko...
0x2f7f02bb	fixed_size_llseek	mtd.ko
0xcb0082ac	flush_dcache_page	zram.ko
0x55339365	flush_delayed_fput	mem_buf.ko
0x1148c0ea	flush_delayed_work	dwc3-msm.ko,msm_drm.ko,sdhci-msm.ko
0x4735ac17	flush_work	bcl_soc.ko,cfg80211.ko,coresight-tmc.ko...
0x42160169	flush_workqueue	camera.ko,cdsprm.ko,dwc3-msm.ko...
0x33fe4bbd	fput	gh_virtio_backend.ko,mem_buf.ko,mem_buf_dev.ko...
0x9e5c5bed	free_io_pgtable_ops	qcom_iommu_util.ko
0xc1514a3b	free_irq	bwmon.ko,cnss2.ko,focaltech_3683g.ko...
0xc0b1aa58	free_netdev	ipam.ko,mhi_dev_netdev.ko,qca_cld3_adrastea.ko...
0x4302d0eb	free_pages	arm_smmu.ko,gh_virtio_backend.ko,ipam.ko...
0xc9ec4e21	free_percpu	coresight.ko,qcom_wdt_core.ko,rmnet_core.ko...
0xbc6bec66	free_percpu_irq	qcom_wdt_core.ko
0xfcd7b974	freezing_slow_path	smcinvoke_mod.ko
0x28498a88	freq_qos_add_request	hyp_core_ctl.ko,mi_thermal_interface.ko,msm_performance.ko...
0x894967be	freq_qos_remove_request	hyp_core_ctl.ko,mi_thermal_interface.ko,msm_performance.ko...
0x2eec24ef	freq_qos_update_request	hyp_core_ctl.ko,mi_thermal_interface.ko,msm_performance.ko...
0xd996b3ba	freq_scale	sched-walt.ko
0x0a553821	fsa4480_reg_notifier	mbhc_dlkm.ko,msm_drm.ko
0x3d8b5680	fsa4480_switch_event	machine_dlkm.ko,msm_drm.ko
0xf269d51a	fsa4480_unreg_notifier	mbhc_dlkm.ko,msm_drm.ko
0x896d7854	fsync_bdev	zram.ko
0x15609a5e	fwnode_find_reference	coresight-cti.ko
0x8711b8f5	fwnode_get_next_child_node	coresight-cti.ko
0xe8b6d96e	fwnode_handle_get	coresight.ko
0x6a4af073	fwnode_handle_put	coresight-cti.ko,coresight.ko
0x25f6bb4f	fwnode_property_present	coresight-cti.ko,coresight-replicator.ko,coresight-tmc.ko...
0x98d630d4	fwnode_property_read_string	coresight-cti.ko
0xc4b43a7c	fwnode_property_read_u32_array	coresight-cti.ko,coresight-tmc.ko
0xea124bd1	gcd	cfg80211.ko
0x8313ddbe	gdsc_debug_print_regs	clk-qcom.ko
0xbefa51a3	gen_pool_add_owner	camera.ko,qcom-scm.ko,qcom_dma_heaps.ko...
0x2b593aa8	gen_pool_alloc_algo_owner	camera.ko,qcom-scm.ko,qcom_dma_heaps.ko...
0xd0d3f0a4	gen_pool_avail	qcom_dma_heaps.ko
0xb737b185	gen_pool_best_fit	qcom-scm.ko
0xced0f4d4	gen_pool_create	camera.ko,qcom-scm.ko,qcom_dma_heaps.ko...
0x6c224cda	gen_pool_destroy	camera.ko,qcom-scm.ko,qcom_dma_heaps.ko...
0x3f4bd846	gen_pool_first_fit_order_align	qcom_iommu_util.ko
0x060ba97c	gen_pool_free_owner	camera.ko,qcom-scm.ko,qcom_dma_heaps.ko...
0x1f557414	gen_pool_has_addr	qcom_iommu_util.ko
0x96e5d30f	gen_pool_set_algo	qcom-scm.ko,qcom_iommu_util.ko
0x2464da17	gen_pool_size	qcom_dma_heaps.ko
0x7d0ba682	gen_pool_virt_to_phys	qcom-scm.ko,qcom_iommu_util.ko
0xca0e26f1	generic_device_group	arm_smmu.ko
0x7ceaf0d5	generic_handle_irq	msm_drm.ko,pci-msm-drv.ko,pinctrl-msm.ko...
0x5603b84d	generic_iommu_put_resv_regions	arm_smmu.ko,qcom_iommu_util.ko
0x8050b7b0	generic_mii_ioctl	asix.ko,ax88179_178a.ko
0x5ceb8c8b	generic_shutdown_super	mtd.ko
0xcdbb58a3	geni_abort_m_cmd	i2c-msm-geni.ko,msm_geni_serial.ko,spi-msm-geni.ko
0x9bce3948	geni_abort_s_cmd	msm_geni_serial.ko
0xea9a2e73	geni_cancel_m_cmd	i2c-msm-geni.ko,msm_geni_serial.ko,spi-msm-geni.ko
0xbcef4f98	geni_cancel_s_cmd	msm_geni_serial.ko
0x5cc7a5f4	geni_read_reg	i2c-msm-geni.ko,msm_geni_serial.ko,spi-msm-geni.ko
0xfa7d3ef5	geni_read_reg_nolog	i2c-msm-geni.ko,msm_geni_serial.ko
0x895f9c76	geni_se_clk_freq_match	msm_geni_serial.ko,spi-msm-geni.ko
0xc2ef4728	geni_se_dump_dbg_regs	i2c-msm-geni.ko,msm_geni_serial.ko,spi-msm-geni.ko
0xbeae67c3	geni_se_init	i2c-msm-geni.ko,msm_geni_serial.ko,spi-msm-geni.ko
0x7fa64134	geni_se_iommu_alloc_buf	msm_geni_serial.ko
0x7c802d78	geni_se_iommu_free_buf	msm_geni_serial.ko
0x6fee0b20	geni_se_iommu_map_buf	i2c-msm-geni.ko,spi-msm-geni.ko
0xeb8019fb	geni_se_iommu_unmap_buf	i2c-msm-geni.ko,spi-msm-geni.ko
0xe2589995	geni_se_qupv3_hw_version	msm_geni_serial.ko,spi-msm-geni.ko
0xfc3edb20	geni_se_resources_init	i2c-msm-geni.ko,msm_geni_serial.ko,spi-msm-geni.ko
0x6bdfc869	geni_se_rx_dma_prep	i2c-msm-geni.ko,spi-msm-geni.ko
0xebbfc784	geni_se_rx_dma_start	msm_geni_serial.ko
0x10106876	geni_se_rx_dma_unprep	i2c-msm-geni.ko,spi-msm-geni.ko
0x6137ffe9	geni_se_select_mode	i2c-msm-geni.ko,msm_geni_serial.ko,spi-msm-geni.ko
0x0ec03692	geni_se_tx_dma_prep	i2c-msm-geni.ko,msm_geni_serial.ko,spi-msm-geni.ko
0x2e9664a3	geni_se_tx_dma_unprep	i2c-msm-geni.ko,msm_geni_serial.ko,spi-msm-geni.ko
0xd64d405d	geni_setup_m_cmd	i2c-msm-geni.ko,msm_geni_serial.ko,spi-msm-geni.ko
0x7ef12c92	geni_setup_s_cmd	msm_geni_serial.ko
0x79376c1a	geni_write_reg	i2c-msm-geni.ko,msm_geni_serial.ko,spi-msm-geni.ko
0x475f5474	geni_write_reg_nolog	msm_geni_serial.ko
0x16419950	genl_register_family	cfg80211.ko,cnss2.ko,cnss_nl.ko...
0xba77d960	genl_unregister_family	cfg80211.ko,cnss2.ko,cnss_nl.ko...
0x9437a88a	genlmsg_multicast_allns	cfg80211.ko
0x01e93bf3	genlmsg_put	cfg80211.ko,cnss2.ko,icnss2.ko...
0x4698285f	genphy_resume	asix.ko
0xdaf5597b	get_adc_tm	icnss2.ko
0x96478687	get_bam2bam_connection_info	usb_f_qdss.ko
0xb82b0b91	get_client_env_object	hdcp.ko
0xc9e0f27d	get_cpu_device	cdsprm.ko,cpu_hotplug.ko,frpc-adsprpc.ko...
0x54f79951	get_device	audpkt_ion_dlkm.ko,coresight.ko,glink_pkt.ko...
0xd4a0a2a0	get_each_dmabuf	minidump.ko
0x7328b659	get_each_object_track	minidump.ko
0xfd565b9b	get_governor_parent_kobj	sched-walt.ko
0x1b138c6d	get_hw_country_version	camera.ko,cnss2.ko,icnss2.ko
0x89a009ef	get_hw_id_value	machine_dlkm.ko
0x4766f8d8	get_hw_version_platform	camera.ko,cnss2.ko,icnss2.ko...
0x28205f0e	get_matching_swr_slave_device	wcd937x_dlkm.ko,wcd938x_dlkm.ko
0x489e7e67	get_net_ns_by_fd	cfg80211.ko
0xaba78336	get_net_ns_by_pid	cfg80211.ko
0x6eaac564	get_pfnblock_flags_mask	mem-offline.ko
0xbc64d1ef	get_pid_task	hung_task_enh.ko,msm-eva.ko,sched-walt.ko
0x5c6563cd	get_qdss_bam_connection_info	coresight-tmc.ko
0x4672870a	get_qdss_bam_info	usb_f_qdss.ko
0x79aa04a2	get_random_bytes	asix.ko,ax88179_178a.ko,camera.ko...
0xd36dc10c	get_random_u32	msm_kgsl.ko
0x706be35a	get_rx_fifo_depth	msm_geni_serial.ko,spi-msm-geni.ko
0x1c7db96f	get_se_m_fw	msm_geni_serial.ko
0x7fc076f4	get_se_proto	i2c-msm-geni.ko,msm_geni_serial.ko,spi-msm-geni.ko
0xdad8715a	get_se_s_fw	msm_geni_serial.ko
0x1de4ccb2	get_sg_io_hdr	sg.ko
0xc0a2a58a	get_slabinfo	minidump.ko
0x7e626177	get_task_mm	sched-walt.ko
0x7e7f62c7	get_task_pid	msm_kgsl.ko
0x3628c905	get_tx_fifo_depth	i2c-msm-geni.ko,msm_geni_serial.ko,spi-msm-geni.ko
0xc19e921e	get_tx_fifo_width	msm_geni_serial.ko,spi-msm-geni.ko
0x669cfa6c	get_ufs_qcom_phy	phy-qcom-ufs-qmp-14nm.ko,phy-qcom-ufs-qmp-v3.ko,phy-qcom-ufs-qmp-v4-anarok.ko...
0x911274de	get_unmapped_area	msm_kgsl.ko
0xa843805a	get_unused_fd_flags	mem_buf.ko,msm_drm.ko,msm_kgsl.ko...
0xdcd60e5a	get_user_pages	msm_kgsl.ko
0xf09b5d9a	get_zeroed_page	ipam.ko,qti_battery_charger_main.ko,rmnet_shs.ko
0xef464c28	getboottime64	msm_kgsl.ko
0x7d359b5c	gfp_zone	qcom_dma_heaps.ko
0x6ec392c4	gh_arch_validate_vm_exited_notif	gh_rm_drv.ko
0x305fb1d6	gh_dbl_populate_cap_info	gh_rm_drv.ko
0xa4c7ae04	gh_dbl_reset_cap_info	gh_rm_drv.ko
0x682a3a6b	gh_dbl_rx_register	qrtr-gunyah.ko
0x5ba5a53d	gh_dbl_rx_unregister	qrtr-gunyah.ko
0xf3de714a	gh_dbl_send	qrtr-gunyah.ko
0xe32600ac	gh_dbl_tx_register	qrtr-gunyah.ko
0x307ec99b	gh_dbl_tx_unregister	qrtr-gunyah.ko
0x7bdc5a29	gh_get_irq	gh_rm_drv.ko
0x820e0985	gh_get_virq	gh_rm_drv.ko
0xa1bfeb77	gh_irq_accept	msm_drm.ko
0xfacd6f60	gh_irq_lend_notify	focaltech_fts.ko,msm_drm.ko,nt36xxx-i2c.ko
0x14f3cfad	gh_irq_lend_v2	focaltech_fts.ko,msm_drm.ko,nt36xxx-i2c.ko
0x0913be50	gh_irq_reclaim	focaltech_fts.ko,msm_drm.ko,nt36xxx-i2c.ko
0x4c522be3	gh_irq_release	msm_drm.ko
0x2455d9df	gh_irq_release_notify	msm_drm.ko
0x73ec8a97	gh_irq_wait_for_lend_v2	msm_drm.ko
0xb61451eb	gh_mem_notifier_register	focaltech_fts.ko,msm_drm.ko,nt36xxx-i2c.ko
0x2d06579b	gh_mem_notifier_unregister	focaltech_fts.ko,msm_drm.ko,nt36xxx-i2c.ko
0x765f8970	gh_msgq_populate_cap_info	gh_rm_drv.ko
0xb50abe5c	gh_msgq_probe	gh_rm_drv.ko
0xd9338e14	gh_msgq_recv	gh_rm_drv.ko,mem_buf.ko,msm_drm.ko
0x2e907c70	gh_msgq_register	gh_rm_drv.ko,mem_buf.ko,msm_drm.ko
0xf2d1bacc	gh_msgq_reset_cap_info	gh_rm_drv.ko
0xd9649238	gh_msgq_send	gh_rm_drv.ko,mem_buf.ko,msm_drm.ko
0xb553bdf3	gh_msgq_unregister	gh_rm_drv.ko,mem_buf.ko,msm_drm.ko
0xeaf702db	gh_put_irq	gh_rm_drv.ko
0xcdc9acde	gh_put_virq	gh_rm_drv.ko
0x81bb9691	gh_rm_console_close	hvc_gunyah.ko
0x4d1517ee	gh_rm_console_flush	hvc_gunyah.ko
0x66ee5c0c	gh_rm_console_open	hvc_gunyah.ko
0xe93711a2	gh_rm_console_write	hvc_gunyah.ko
0x54638286	gh_rm_get_vm_id_info	guestvm_loader.ko
0xbffea94c	gh_rm_get_vm_name	gh_irq_lend.ko,hvc_gunyah.ko
0x335865f7	gh_rm_get_vmid	focaltech_fts.ko,gh_irq_lend.ko,gh_virtio_backend.ko...
0x71ebefc5	gh_rm_irq_to_virq	gh_irq_lend.ko
0xd22a3b48	gh_rm_mem_accept	mem_buf_dev.ko,msm_drm.ko
0x033dbdb7	gh_rm_mem_donate	mem_buf_dev.ko
0xdbeefff8	gh_rm_mem_lend	focaltech_fts.ko,guestvm_loader.ko,mem_buf_dev.ko...
0xb5006d01	gh_rm_mem_notify	focaltech_fts.ko,msm_drm.ko,nt36xxx-i2c.ko
0x7d6144cd	gh_rm_mem_reclaim	focaltech_fts.ko,gh_virtio_backend.ko,guestvm_loader.ko...
0x4884e997	gh_rm_mem_release	mem_buf_dev.ko,msm_drm.ko
0xfd527caf	gh_rm_mem_share	gh_virtio_backend.ko,mem_buf_dev.ko,qrtr-gunyah.ko
0xa7f031f9	gh_rm_populate_hyp_res	guestvm_loader.ko
0x7cf771df	gh_rm_register_notifier	gh_irq_lend.ko,gh_mem_notifier.ko,guestvm_loader.ko...
0x95ebf38d	gh_rm_reset_vcpu_affinity_cb	hyp_core_ctl.ko
0x6ed5244e	gh_rm_reset_vpm_grp_cb	hyp_core_ctl.ko
0x48db628d	gh_rm_set_vcpu_affinity_cb	hyp_core_ctl.ko
0x5159447f	gh_rm_set_virtio_mmio_cb	gh_virtio_backend.ko
0xb0cd622d	gh_rm_set_vpm_grp_cb	hyp_core_ctl.ko
0x4fd830d5	gh_rm_unregister_notifier	gh_irq_lend.ko,gh_mem_notifier.ko,hvc_gunyah.ko...
0x89079a32	gh_rm_unset_virtio_mmio_cb	gh_virtio_backend.ko
0xd24cfe55	gh_rm_virq_to_irq	gh_irq_lend.ko
0x70586f69	gh_rm_vm_alloc_vmid	guestvm_loader.ko
0xa2f900bd	gh_rm_vm_irq_accept	gh_irq_lend.ko
0x8dc3c039	gh_rm_vm_irq_accept_notify	gh_irq_lend.ko
0xf6a937b4	gh_rm_vm_irq_lend	gh_irq_lend.ko
0xc9206468	gh_rm_vm_irq_lend_notify	gh_irq_lend.ko
0x312f9fb3	gh_rm_vm_irq_reclaim	gh_irq_lend.ko
0xfbaecf52	gh_rm_vm_irq_release	gh_irq_lend.ko
0x680df70c	gh_rm_vm_irq_release_notify	gh_irq_lend.ko
0x7f8b025f	gh_rm_vm_start	guestvm_loader.ko
0x4b0a3f52	gic_nonsecure_priorities	audio_pkt_dlkm.ko,aw882xx_dlkm.ko,btpower.ko...
0x14da596c	gic_resume	msm_show_resume_irq.ko
0xa88e74ee	glink_native_pm_ops	glink_probe.ko
0xac10b46f	gov_attr_set_init	sched-walt.ko
0xd6de6d04	gov_attr_set_put	sched-walt.ko
0x16578d01	governor_sysfs_ops	sched-walt.ko
0xd32d36e7	gpi_dump_for_geni	i2c-msm-geni.ko
0xfe990052	gpio_free	aw882xx_dlkm.ko,btpower.ko,camera.ko...
0xb0d1656c	gpio_free_array	camera.ko
0x47229b5c	gpio_request	btpower.ko,cnss2.ko,focaltech_3683g.ko...
0x403f9529	gpio_request_one	camera.ko,nt36xxx-i2c.ko,nt36xxx-spi.ko
0x2c531865	gpio_to_desc	aw882xx_dlkm.ko,btpower.ko,camera.ko...
0x64370fe3	gpiochip_add_data_with_key	pinctrl-msm.ko,pinctrl-spmi-gpio.ko,pinctrl-spmi-mpp.ko...
0x42c032e6	gpiochip_add_pin_range	pinctrl-msm.ko,pinctrl-spmi-gpio.ko,pinctrl-spmi-mpp.ko...
0x55a9ebb2	gpiochip_generic_free	pinctrl-msm.ko,pinctrl-spmi-gpio.ko,pinctrl-spmi-mpp.ko...
0xb87c0c9f	gpiochip_generic_request	pinctrl-msm.ko,pinctrl-spmi-gpio.ko,pinctrl-spmi-mpp.ko...
0x60fe6854	gpiochip_get_data	pinctrl-msm.ko,pinctrl-spmi-gpio.ko,pinctrl-spmi-mpp.ko...
0xe71c5570	gpiochip_line_is_valid	pinctrl-msm.ko
0x1af638e6	gpiochip_lock_as_irq	pinctrl-msm.ko
0xc4cd666f	gpiochip_remove	pinctrl-msm.ko,pinctrl-spmi-gpio.ko,pinctrl-spmi-mpp.ko...
0x918a23c0	gpiochip_unlock_as_irq	pinctrl-msm.ko
0x1a93828e	gpiod_direction_input	btpower.ko,cnss2.ko,focaltech_3683g.ko...
0x3efd4fdd	gpiod_direction_output	phy-generic.ko
0x63baf885	gpiod_direction_output_raw	btpower.ko,camera.ko,cnss2.ko...
0x396e8690	gpiod_get_optional	qti-fixed-regulator.ko
0x9a7402a8	gpiod_get_raw_value	btpower.ko,cnss2.ko,focaltech_3683g.ko...
0x07ee96f3	gpiod_get_raw_value_cansleep	aw882xx_dlkm.ko,camera.ko,fs19xx_dlkm.ko...
0x6606192c	gpiod_get_value	phy-generic.ko
0x19e6a6a1	gpiod_put	qti-fixed-regulator.ko
0xfbc84afe	gpiod_set_raw_value	aw882xx_dlkm.ko,btpower.ko,cnss2.ko...
0xd98115d2	gpiod_set_raw_value_cansleep	aw882xx_dlkm.ko,camera.ko,fs19xx_dlkm.ko
0xf8677ec1	gpiod_set_value_cansleep	phy-generic.ko,ufs_qcom.ko
0x0a471896	gpiod_to_irq	aw882xx_dlkm.ko,cnss2.ko,focaltech_3683g.ko...
0x34526b5f	gpr_driver_unregister	audio_pkt_dlkm.ko,audio_prm_dlkm.ko,spf_core_dlkm.ko
0x66e00834	gpr_get_q6_state	audio_prm_dlkm.ko
0x2ee7045d	gpr_send_pkt	audio_pkt_dlkm.ko,audio_prm_dlkm.ko,spf_core_dlkm.ko
0x9f54ead7	gro_cells_destroy	rmnet_core.ko
0xe6bba9d6	gro_cells_init	rmnet_core.ko
0xdbaa53a7	gro_cells_receive	rmnet_core.ko
0x4aeed581	gsi_alloc_channel	ipam.ko
0x4440f85c	gsi_alloc_channel_ee	ipam.ko
0x434e8274	gsi_alloc_evt_ring	ipam.ko
0x75a63ffb	gsi_config_channel_mode	ipam.ko
0x20688075	gsi_configure_regs	ipam.ko
0x82476bba	gsi_dealloc_channel	ipam.ko
0x05da4216	gsi_dealloc_evt_ring	ipam.ko
0x7a2175df	gsi_deregister_device	ipam.ko
0x2dd5ef5a	gsi_enable_flow_control_ee	ipam.ko
0x9be2f9a9	gsi_enable_fw	ipam.ko
0xa9a99ac1	gsi_flow_control_ee	ipam.ko
0x68184311	gsi_get_chan_poll_mode	ipam.ko
0x79d70395	gsi_get_chan_props_db_in_bytes	ipam.ko
0xe102c194	gsi_get_chan_prot_type	ipam.ko
0x04e0546e	gsi_get_chan_state	ipam.ko
0x0a3265d4	gsi_get_chan_stop_stm	ipam.ko
0x3f0404d0	gsi_get_drop_stats	ipam.ko
0x979778d1	gsi_get_evt_ring_len	ipam.ko
0x7d7d7a72	gsi_get_evt_ring_re_size	ipam.ko
0x139c05cb	gsi_get_evt_ring_rp	ipam.ko
0x3a57a245	gsi_get_inst_ram_offset_and_size	ipam.ko
0x9775a36e	gsi_get_peripheral_ee	ipam.ko
0xd118057d	gsi_get_refetch_reg	ipam.ko
0x9d093b9c	gsi_get_ring_len	ipam.ko
0x77d468d0	gsi_get_wp	ipam.ko
0x174a6ffc	gsi_halt_channel_ee	ipam.ko
0x86ae1c82	gsi_is_channel_empty	ipam.ko
0xdda5bbc6	gsi_map_base	ipam.ko
0x03dcebd1	gsi_map_virtual_ch_to_per_ep	ipam.ko
0xaaaba345	gsi_ntn3_client_stats_get	ipam.ko
0xa378b933	gsi_pending_irq_type	ipam.ko
0xae102122	gsi_poll_channel	ipam.ko
0x63c5ed4a	gsi_poll_n_channel	ipam.ko
0x3bcfe6d2	gsi_query_channel_db_addr	ipam.ko
0xf6663290	gsi_query_channel_info	ipam.ko
0xc740e84a	gsi_query_device_msi_addr	ipam.ko
0xa7cd6f4f	gsi_query_evt_ring_db_addr	ipam.ko
0x7760f9dd	gsi_query_flow_control_state_ee	ipam.ko
0xabad466b	gsi_query_msi_addr	ipam.ko
0x9b52625b	gsi_queue_xfer	ipam.ko
0x408c8697	gsi_read_chan_ring_bp	ipam.ko
0xad628886	gsi_read_chan_ring_rp	ipam.ko
0x59cc640a	gsi_read_chan_ring_wp	ipam.ko
0x913861aa	gsi_read_channel_scratch	ipam.ko
0xbaa2892b	gsi_read_event_ring_bp	ipam.ko
0x4e2a0ede	gsi_read_event_ring_wp	ipam.ko
0xa6ba2653	gsi_read_wdi3_channel_scratch2_reg	ipam.ko
0xed9c261c	gsi_register_device	ipam.ko
0x0ba2ab43	gsi_reset_channel	ipam.ko
0xc132ed6e	gsi_reset_evt_ring	ipam.ko
0x7133aed0	gsi_ring_ch_ring_db	ipam.ko
0x34eb0e78	gsi_ring_evt_doorbell_polling_mode	ipam.ko
0x5938dc29	gsi_ring_evt_ring_db	ipam.ko
0x6662b582	gsi_start_channel	ipam.ko
0x39c30bdd	gsi_stop_channel	ipam.ko
0xe6aba294	gsi_unmap_base	ipam.ko
0xe7b81ccc	gsi_update_almst_empty_thrshold	ipam.ko
0x9ffa1b68	gsi_update_mhi_channel_scratch	ipam.ko
0x6d88d9f1	gsi_wdi3_write_evt_ring_db	ipam.ko
0xd600847d	gsi_write_channel_scratch	ipam.ko
0x17e4baf4	gsi_write_channel_scratch2_reg	ipam.ko
0xecf74397	gsi_write_channel_scratch3_reg	ipam.ko
0x624ea7ac	gsi_write_device_scratch	ipam.ko
0xb49d41c6	gsi_write_evt_ring_scratch	ipam.ko
0xce4e703d	gsi_write_wdi3_channel_scratch2_reg	ipam.ko
0xee034014	handle_bad_irq	pinctrl-msm.ko
0x474af077	handle_edge_irq	pinctrl-msm.ko,spmi-pmic-arb.ko
0xe917a603	handle_fasteoi_ack_irq	pinctrl-msm.ko
0x5950598e	handle_fasteoi_irq	pinctrl-msm.ko
0xee0968d4	handle_level_irq	msm_drm.ko,pinctrl-msm.ko,pinctrl-spmi-gpio.ko...
0x549525ef	handle_nested_irq	qcom-i2c-pmic.ko,smp2p.ko,swr_ctrl_dlkm.ko
0x965d5fce	handle_simple_irq	pci-msm-drv.ko,wcd_core_dlkm.ko
0x7647726c	handle_sysrq	eud.ko,msm_geni_serial.ko
0x65e0d535	has_subsystem_slept	sys_pm_vx.ko
0x7b4cee80	has_system_slept	sys_pm_vx.ko
0x162893fd	hashlen_string	coresight.ko
0x0c1b6ea3	hdcp1_deinit	msm_drm.ko
0x428b02ca	hdcp1_feature_supported	msm_drm.ko
0xf6f01d13	hdcp1_init	msm_drm.ko
0x726c5663	hdcp1_ops_notify	msm_drm.ko
0x4d0f81ea	hdcp1_set_enc	msm_drm.ko
0xbf9f9ca2	hdcp1_start	msm_drm.ko
0x4c837e8a	hdcp1_stop	msm_drm.ko
0xfed9a8ba	hdcp2_app_comm	msm_drm.ko
0x177e5577	hdcp2_close_stream	msm_drm.ko
0xa3b22369	hdcp2_deinit	msm_drm.ko
0x51a33bb9	hdcp2_feature_supported	msm_drm.ko
0x1d384434	hdcp2_force_encryption	msm_drm.ko
0x28ff8398	hdcp2_init	msm_drm.ko
0x399d03b1	hdcp2_open_stream	msm_drm.ko
0xfe916dc6	hex_dump_to_buffer	msm-cvp.ko,msm-eva.ko,msm_geni_serial.ko...
0x11f7ed4c	hex_to_bin	qca_cld3_adrastea.ko
0x2edbeaf7	hex2bin	qca_cld3_adrastea.ko
0x0ecd991f	hrtimer_active	dwc3-msm.ko,qcom-hv-haptics.ko,qcom_lpm.ko...
0xcc69bd8c	hrtimer_cancel	leds-qpnp-vibrator-ldo.ko,qcom-hv-haptics.ko,rmnet_core.ko...
0x76c41756	hrtimer_forward	rmnet_shs.ko
0x3ebd5214	hrtimer_init	ipam.ko,leds-qpnp-flash-v2.ko,leds-qpnp-vibrator-ldo.ko...
0x939fc2ef	hrtimer_start_range_ns	ipam.ko,leds-qpnp-flash-v2.ko,leds-qpnp-vibrator-ldo.ko...
0xef93df4b	hrtimer_try_to_cancel	ipam.ko,qcom_lpm.ko
0xfa7d3354	hvc_alloc	hvc_gunyah.ko
0x9833bc0c	hvc_kick	hvc_gunyah.ko
0x7bee9ebf	hvc_poll	hvc_gunyah.ko
0xfcecc57b	hvc_remove	hvc_gunyah.ko
0x617b026c	hwrng_register	msm_rng.ko
0xd57fbd31	hwrng_unregister	msm_rng.ko
0xac847ea8	hwspin_lock_free	smem.ko
0xfad9c346	hwspin_lock_request_specific	smem.ko
0x398b9914	hyp_assign_phys	arm_smmu.ko,audpkt_ion_dlkm.ko,frpc-adsprpc.ko...
0x6218b1cc	hyp_assign_table	mem_buf_dev.ko,msm_kgsl.ko,qcom_dma_heaps.ko
0xb8d81f12	hypervisor_kobj	gh_ctrl.ko
0x2f7a2d31	i2c_add_adapter	i2c-msm-geni.ko
0xc515b69b	i2c_bus_type	camera.ko
0x77f802e3	i2c_del_adapter	i2c-msm-geni.ko
0x8f471ada	i2c_del_driver	aw882xx_dlkm.ko,camera.ko,focaltech_fts.ko...
0x42041512	i2c_get_dma_safe_msg_buf	i2c-msm-geni.ko
0x4dae16e4	i2c_put_dma_safe_msg_buf	i2c-msm-geni.ko
0x4f72f07e	i2c_register_driver	aw882xx_dlkm.ko,camera.ko,focaltech_fts.ko...
0xae87eb36	i2c_smbus_read_byte_data	leds-aw2016.ko,msm_drm.ko
0x610b7c49	i2c_smbus_write_byte_data	leds-aw2016.ko,msm_drm.ko
0x0f184be6	i2c_transfer	aw882xx_dlkm.ko,camera.ko,focaltech_fts.ko...
0xb86fd3a1	i2c_transfer_buffer_flags	aw882xx_dlkm.ko,fs19xx_dlkm.ko,nfc_i2c.ko
0x4f3ed226	icc_get	camera.ko,msm-cvp.ko,msm-eva.ko
0xe52348cf	icc_link_create	icc-rpmh.ko
0x02d2921b	icc_node_add	icc-rpmh.ko
0x615b7a5c	icc_node_create	icc-rpmh.ko
0x9da87229	icc_node_del	icc-rpmh.ko
0xc58a3ee6	icc_node_destroy	icc-rpmh.ko
0x8dab94a6	icc_provider_add	icc-rpmh.ko
0x3c41c63b	icc_provider_del	icc-rpmh.ko
0x276152a6	icc_put	camera.ko,clk-qcom.ko,cnss2.ko...
0xc893232c	icc_qnoc_qos_regs	qnoc-parrot.ko,qnoc-ravelin.ko
0x3cdad6c5	icc_set_bw	arm_smmu.ko,camera.ko,clk-qcom.ko...
0x2098fc77	icc_set_tag	arm_smmu.ko,msm_drm.ko,msm_kgsl.ko...
0xf77c7496	icnss_athdiag_read	qca_cld3_adrastea.ko
0x9436fb18	icnss_athdiag_write	qca_cld3_adrastea.ko
0x055eb586	icnss_ce_free_irq	qca_cld3_adrastea.ko
0x3a1e22bc	icnss_ce_request_irq	qca_cld3_adrastea.ko
0x8031bdc3	icnss_disable_irq	qca_cld3_adrastea.ko
0x2f6720d1	icnss_enable_irq	qca_cld3_adrastea.ko
0x5662b369	icnss_get_ce_id	qca_cld3_adrastea.ko
0x7616737a	icnss_get_device_config	qca_cld3_adrastea.ko
0x9c7f417e	icnss_get_irq	qca_cld3_adrastea.ko
0xdb05ad36	icnss_get_soc_info	qca_cld3_adrastea.ko
0x43c7bbf9	icnss_idle_restart	qca_cld3_adrastea.ko
0x21c08c5f	icnss_idle_shutdown	qca_cld3_adrastea.ko
0x9b5bd3f7	icnss_is_fw_down	qca_cld3_adrastea.ko
0x61c3fdd0	icnss_is_pdr	qca_cld3_adrastea.ko
0x12e7b6f1	icnss_is_qmi_disable	qca_cld3_adrastea.ko
0xc31ae623	icnss_is_rejuvenate	qca_cld3_adrastea.ko
0xa3838594	icnss_power_off	qca_cld3_adrastea.ko
0x8cf68389	icnss_power_on	qca_cld3_adrastea.ko
0xa8fd56f5	icnss_set_fw_log_mode	qca_cld3_adrastea.ko
0x91b2a892	icnss_smmu_get_domain	qca_cld3_adrastea.ko
0x69fcb309	icnss_smmu_map	qca_cld3_adrastea.ko
0xf676a8e2	icnss_smmu_unmap	qca_cld3_adrastea.ko
0xb9b8cbec	icnss_socinfo_get_serial_number	qca_cld3_adrastea.ko
0x4ea00674	icnss_trigger_recovery	qca_cld3_adrastea.ko
0xa760ed0c	icnss_unregister_driver	qca_cld3_adrastea.ko
0x831f700d	icnss_wlan_disable	qca_cld3_adrastea.ko
0x57bace3d	icnss_wlan_enable	qca_cld3_adrastea.ko
0xe7a02573	ida_alloc_range	gh_virtio_backend.ko,glink_pkt.ko,icnss2.ko...
0xffb7c514	ida_free	gh_virtio_backend.ko,glink_pkt.ko,icnss2.ko...
0xb8f11603	idr_alloc	altmode-glink.ko,coresight-tmc.ko,gh_arm_drv.ko...
0x91f44510	idr_alloc_cyclic	cnss_plat_ipc_qmi_svc.ko,gh_rm_drv.ko,mem_buf.ko...
0x12ab31f1	idr_alloc_u32	qcom-scm.ko
0x8e17b3ae	idr_destroy	altmode-glink.ko,cnss_plat_ipc_qmi_svc.ko,gh_rm_drv.ko...
0x20978fb9	idr_find	altmode-glink.ko,cnss_plat_ipc_qmi_svc.ko,coresight-tmc.ko...
0x1d40b6f3	idr_for_each	msm_kgsl.ko,zram.ko
0xc57c48a3	idr_get_next	cnss_plat_ipc_qmi_svc.ko,ipam.ko,msm_kgsl.ko...
0x954f099c	idr_preload	ipa_clientsm.ko,ipam.ko,msm_kgsl.ko...
0x7665a95b	idr_remove	altmode-glink.ko,cnss_plat_ipc_qmi_svc.ko,coresight-tmc.ko...
0x7b82b9a1	idr_replace	msm_kgsl.ko
0x0e7f4a43	ieee80211_bss_get_elem	wil6210.ko
0xc1b99792	ieee80211_channel_to_freq_khz	wil6210.ko
0x6bedf402	ieee80211_freq_khz_to_channel	qca_cld3_adrastea.ko
0xf35b7f47	ieee80211_get_channel_khz	qca_cld3_adrastea.ko,wil6210.ko
0x7ef39823	ieee80211_hdrlen	qca_cld3_adrastea.ko
0x35b59c88	iio_channel_get	leds-qpnp-flash-v2.ko
0xe6898a3a	iio_channel_get_all	qti-adc-tm.ko
0x4e863092	iio_read_channel_processed	dwc3-msm.ko,icnss2.ko,leds-qpnp-flash-v2.ko...
0xfd0c8ed0	iio_write_channel_raw	leds-qpnp-flash-v2.ko
0x29ae814e	import_iovec	sg.ko
0x39461d6a	in_egroup_p	qrtr.ko
0xac5fcec0	in4_pton	rmnet_wlan.ko
0x609bcd98	in6_pton	rmnet_wlan.ko
0x39243b91	inc_node_page_state	mem-offline.ko
0x25a00beb	inc_zone_page_state	zsmalloc.ko
0x5303d8cb	inet_csk_get_port	cfg80211.ko
0x36f32abb	init_dummy_netdev	ipam.ko,qca_cld3_adrastea.ko,wil6210.ko
0xf2246c08	init_iova_domain	qcom_iommu_util.ko
0x3f175fdb	init_net	cfg80211.ko,cnss2.ko,goodix_fod.ko...
0x2e0036e5	init_pseudo	zsmalloc.ko
0x910e6db5	init_srcu_struct	stm_core.ko
0xb1307de2	init_task	mem-hooks.ko,minidump.ko,msm_sysstats.ko...
0x79cf5987	init_timer_key	altmode-glink.ko,aw882xx_dlkm.ko,camera.ko...
0x442f2b95	init_uts_ns	cfg80211.ko,msm_kgsl.ko
0xfe487975	init_wait_entry	audio_pkt_dlkm.ko,audio_prm_dlkm.ko,camera.ko...
0xe3db3c44	input_allocate_device	focaltech_3683g.ko,focaltech_fts.ko,goodix_core.ko...
0x1edc8012	input_close_device	msm_drm.ko,msm_kgsl.ko,sched-walt.ko
0x3b938c8d	input_event	focaltech_3683g.ko,focaltech_fts.ko,goodix_core.ko...
0xafd0f173	input_ff_create	qcom-hv-haptics.ko
0x28b46b32	input_ff_destroy	qcom-hv-haptics.ko
0xd329e1c6	input_free_device	focaltech_3683g.ko,focaltech_fts.ko,goodix_core.ko...
0x8bdf6c84	input_mt_init_slots	focaltech_3683g.ko,focaltech_fts.ko,goodix_core.ko...
0x3fcaa46c	input_mt_report_slot_state	focaltech_3683g.ko,focaltech_fts.ko,goodix_core.ko...
0xb2ef0fff	input_mt_sync_frame	goodix_core.ko
0x2e513500	input_open_device	msm_drm.ko,msm_kgsl.ko,sched-walt.ko
0xff775d7a	input_register_device	focaltech_3683g.ko,focaltech_fts.ko,goodix_core.ko...
0xc984ee62	input_register_handle	msm_drm.ko,msm_kgsl.ko,sched-walt.ko
0xac72b90e	input_register_handler	msm_drm.ko,msm_kgsl.ko,sched-walt.ko
0x837ac1f4	input_set_abs_params	focaltech_3683g.ko,focaltech_fts.ko,goodix_core.ko...
0x5bfaa8d0	input_set_capability	focaltech_3683g.ko,focaltech_fts.ko,goodix_core.ko...
0xdf5b2f63	input_unregister_device	focaltech_3683g.ko,focaltech_fts.ko,goodix_core.ko...
0xf5a2012a	input_unregister_handle	msm_drm.ko,msm_kgsl.ko,sched-walt.ko
0xa467bfcc	input_unregister_handler	msm_drm.ko,msm_kgsl.ko
0xb678366f	int_sqrt	qcom_lpm.ko
0xdab5a1eb	interval_tree_insert	msm_kgsl.ko
0xa44a1307	interval_tree_iter_first	msm_kgsl.ko
0xd96babb4	interval_tree_iter_next	msm_kgsl.ko
0x09b53e14	interval_tree_remove	msm_kgsl.ko
0x111847c7	invalidate_mapping_pages	block2mtd.ko,msm_drm.ko
0xc7da062f	iomem_resource	camera.ko
0x0af40724	iommu_alloc_resv_region	arm_smmu.ko,qcom_iommu_util.ko
0x7b7e559e	iommu_attach_device	camera.ko,msm_drm.ko,msm_kgsl.ko...
0x3e9c6201	iommu_detach_device	camera.ko,msm_drm.ko,msm_kgsl.ko...
0xcc8b1822	iommu_device_register	arm_smmu.ko
0xf0e147e0	iommu_device_sysfs_add	arm_smmu.ko
0x664bcf31	iommu_device_sysfs_remove	arm_smmu.ko
0x793e0685	iommu_device_unregister	arm_smmu.ko
0x24a54500	iommu_dma_enable_best_fit_algo	camera.ko,frpc-adsprpc.ko,msm_video.ko
0xe1cd661d	iommu_dma_get_resv_regions	arm_smmu.ko
0x87d4bf5a	iommu_dma_reserve_iova	camera.ko
0x3231f8f9	iommu_domain_alloc	msm_kgsl.ko,snd-usb-audio-qmi.ko
0xcd045dae	iommu_domain_free	msm_drm.ko,msm_kgsl.ko,snd-usb-audio-qmi.ko
0xb3876566	iommu_domain_get_attr	arm_smmu.ko,coresight-tmc.ko,ipam.ko...
0xa0f64f43	iommu_domain_set_attr	msm_drm.ko,msm_kgsl.ko
0x98bb9c36	iommu_fwspec_add_ids	arm_smmu.ko
0x9d615d17	iommu_fwspec_free	arm_smmu.ko
0xf55e2664	iommu_get_dma_cookie	arm_smmu.ko
0xf078061e	iommu_get_domain_for_dev	camera.ko,cnss2.ko,coresight-tmc.ko...
0xe2c2e703	iommu_get_msi_cookie	qcom_iommu_util.ko
0xcdd6770e	iommu_group_for_each_dev	arm_smmu.ko
0xce5d44ea	iommu_group_get	arm_smmu.ko,iommu-logger.ko
0xd55ad93b	iommu_group_get_iommudata	arm_smmu.ko
0x89485687	iommu_group_put	arm_smmu.ko,iommu-logger.ko
0x4d6d0bbc	iommu_group_ref_get	arm_smmu.ko
0xc66b77b1	iommu_group_set_iommudata	arm_smmu.ko
0xd3216b86	iommu_logger_register	arm_smmu.ko
0x6c7e82d9	iommu_logger_unregister	arm_smmu.ko
0xb05c9257	iommu_map	camera.ko,cnss2.ko,icnss2.ko...
0x08769d8b	iommu_map_sg	camera.ko,msm_drm.ko,msm_kgsl.ko
0x34fa718f	iommu_present	arm_smmu.ko,msm_drm.ko
0xddf3ef3c	iommu_put_dma_cookie	arm_smmu.ko,qcom_iommu_util.ko
0x6032dd43	iommu_set_fault_handler	camera.ko,cnss2.ko,dwc3-msm.ko...
0x27747427	iommu_unmap	camera.ko,cnss2.ko,icnss2.ko...
0xedc03953	iounmap	boot_stats.ko,camera.ko,cnss2.ko...
0x20eadeb6	ip_compute_csum	rmnet_core.ko
0x71e2e01d	ip_route_output_flow	rmnet_wlan.ko
0xc973d1d2	ipa_assert	ipa_clientsm.ko
0x3aa05516	ipa_cfg_ep_ctrl	ipa_clientsm.ko
0x4228203b	ipa_clients_strings	ipa_clientsm.ko
0x5776bb86	ipa_dma_destroy	ipa_clientsm.ko
0xb5cb931a	ipa_dma_disable	ipa_clientsm.ko
0x5fe04dbf	ipa_dma_enable	ipa_clientsm.ko
0x36c2b6a8	ipa_dma_init	ipa_clientsm.ko
0x38b00309	ipa_dma_sync_memcpy	ipa_clientsm.ko
0xc65b31a0	ipa_eth_client_exist	ipam.ko
0x4063411b	ipa_eth_get_ipa_client_type_from_eth_type	ipam.ko
0xb63023ff	ipa_fmwk_register_gsb	ipa_clientsm.ko
0x5ec54cb9	ipa_fmwk_register_ipa	ipam.ko
0x84e6836d	ipa_fmwk_register_ipa_eth	ipa_clientsm.ko
0xaa5e8197	ipa_fmwk_register_ipa_mhi	ipa_clientsm.ko
0xb93f9cc4	ipa_fmwk_register_ipa_qdss	ipam.ko
0xad83679d	ipa_fmwk_register_ipa_usb	ipa_clientsm.ko
0x997c302e	ipa_fmwk_register_ipa_wdi3	ipa_clientsm.ko
0x26a0b0cd	ipa_fmwk_register_ipa_wigig	ipa_clientsm.ko
0x368387e4	ipa_fmwk_register_uc_offload	ipa_clientsm.ko
0x9dac3fb1	ipa_get_ep_mapping	ipa_clientsm.ko,ipam.ko
0x5c2ecd04	ipa_get_hw_type	ipa_clientsm.ko,ipam.ko
0x930dacc2	ipa_get_lan_rx_napi	ipa_clientsm.ko,rndisipam.ko
0x47ce0010	ipa_get_wdi_stats	ipa_clientsm.ko
0xb282ba20	ipa_get_wdi_version	ipa_clientsm.ko,ipam.ko
0x63ab245a	ipa_hdrs_hpc_destroy	rndisipam.ko
0x4455296a	ipa_is_ready	ipa_clientsm.ko
0x989c8c3e	ipa_is_vlan_mode	ipa_clientsm.ko,ipam.ko,rndisipam.ko
0x6a8cd956	ipa_mhi_handle_ipa_config_req	ipam.ko
0xfb031f48	ipa_mpm_mhip_xdci_pipe_disable	ipa_clientsm.ko
0x81a1a605	ipa_mpm_mhip_xdci_pipe_enable	ipa_clientsm.ko
0x485e6c8f	ipa_pm_activate	rndisipam.ko
0x4f7f501d	ipa_pm_activate_sync	ipa_clientsm.ko
0x0959e4ea	ipa_pm_associate_ipa_cons_to_client	ipa_clientsm.ko
0x22d7510a	ipa_pm_deactivate_sync	ipa_clientsm.ko,rndisipam.ko
0xe448ce4c	ipa_pm_deferred_deactivate	rndisipam.ko
0x8dee820e	ipa_pm_deregister	ipa_clientsm.ko,rndisipam.ko
0x7cbf535e	ipa_pm_register	ipa_clientsm.ko,rndisipam.ko
0xa8a907ef	ipa_pm_set_throughput	ipa_clientsm.ko
0x1a19d7ea	ipa_pm_wrapper_wdi_set_perf_profile_internal	ipa_clientsm.ko
0x2875637d	ipa_register_intf	ipa_clientsm.ko
0x23fed57a	ipa_register_ipa_ready_cb	ipam.ko,rmnet_core.ko,rmnet_ctl.ko...
0x9822a4af	ipa_register_rmnet_ctl_cb	rmnet_ctl.ko
0xbb7b0fc8	ipa_register_rmnet_ll_cb	rmnet_core.ko
0xa5b66d56	ipa_rmnet_ctl_xmit	rmnet_ctl.ko
0xdb86d5fc	ipa_rmnet_ll_xmit	rmnet_core.ko
0x8aff364a	ipa_send_mhi_coal_endp_ind_to_modem	ipa_clientsm.ko
0x804e397e	ipa_send_msg	ipa_clientsm.ko,ipam.ko,rndisipam.ko
0x96ebc34d	ipa_set_pkt_init_ex_hdr_ofst	rndisipam.ko
0x9078469e	ipa_setup_sys_pipe	ipa_clientsm.ko,ipam.ko
0x511f5eb9	ipa_smmu_free_sgt	ipa_clientsm.ko
0xc0f3d614	ipa_smmu_store_sgt	ipa_clientsm.ko
0x0ae7fddf	ipa_teardown_sys_pipe	ipa_clientsm.ko
0xfee9e341	ipa_tx_dp	ipa_clientsm.ko,rndisipam.ko
0x4c839de6	ipa_uc_bw_monitor	ipa_clientsm.ko
0x2750226d	ipa_unregister_rmnet_ctl_cb	rmnet_ctl.ko
0x027d9976	ipa_unregister_rmnet_ll_cb	rmnet_core.ko
0x9daf63f7	ipa_usb_deinit_teth_prot	usb_f_gsi.ko
0x2c408f11	ipa_usb_init_teth_prot	usb_f_gsi.ko
0x186bcd7a	ipa_usb_is_teth_prot_connected	ipam.ko
0xc5274cfc	ipa_usb_xdci_connect	usb_f_gsi.ko
0x6abaa791	ipa_usb_xdci_disconnect	usb_f_gsi.ko
0xc9a19caf	ipa_usb_xdci_resume	usb_f_gsi.ko
0x5720db49	ipa_usb_xdci_suspend	usb_f_gsi.ko
0x5692d8b4	ipa_wdi_is_tx1_used	ipam.ko
0xd6cf0839	ipa_wigig_is_smmu_enabled	ipa_clientsm.ko
0xe2b34d94	ipa_wigig_save_regs	ipam.ko
0xc5cdd9f6	ipa_wigig_send_msg	ipa_clientsm.ko
0x0f22f760	ipa_wigig_send_wlan_msg	ipa_clientsm.ko
0xd487e0cb	ipa3_add_hdr	ipa_clientsm.ko,rndisipam.ko
0x7bea1388	ipa3_add_hdr_hpc	rndisipam.ko
0x87a9e0c3	ipa3_cfg_ep	rndisipam.ko
0x5844bbaf	ipa3_cfg_ep_holb	ipa_clientsm.ko
0xeafcb79d	ipa3_conn_wdi3_pipes	ipa_clientsm.ko
0xd6f32f65	ipa3_conn_wigig_client_i	ipa_clientsm.ko
0x5dc8179c	ipa3_conn_wigig_rx_pipe_i	ipa_clientsm.ko
0x649966df	ipa3_connect_mhi_pipe	ipa_clientsm.ko
0x9f6f06ed	ipa3_connect_wdi_pipe	ipa_clientsm.ko
0xe523d4f1	ipa3_create_wdi_mapping	ipa_clientsm.ko
0xd10064e6	ipa3_ctx	ipa_clientsm.ko
0xab40656a	ipa3_dec_client_disable_clks	ipa_clientsm.ko
0xa3c5262f	ipa3_del_hdr	ipa_clientsm.ko,rndisipam.ko
0x526892c5	ipa3_deregister_client_callback	ipa_clientsm.ko
0x50a32f74	ipa3_deregister_intf	ipa_clientsm.ko,rndisipam.ko
0xf007b95e	ipa3_disable_wdi_pipe	ipa_clientsm.ko
0x3bc93ff3	ipa3_disable_wdi3_pipes	ipa_clientsm.ko
0xd75f30d3	ipa3_disable_wigig_pipe_i	ipa_clientsm.ko
0x3ea01b7a	ipa3_disconn_wdi3_pipes	ipa_clientsm.ko
0x46aa9572	ipa3_disconn_wigig_pipe_i	ipa_clientsm.ko
0x0a27ddee	ipa3_disconnect_mhi_pipe	ipa_clientsm.ko
0x721a5798	ipa3_disconnect_wdi_pipe	ipa_clientsm.ko
0xb34ab24f	ipa3_enable_wdi_pipe	ipa_clientsm.ko
0xe69456fd	ipa3_enable_wdi3_pipes	ipa_clientsm.ko
0xeea0b212	ipa3_enable_wigig_pipe_i	ipa_clientsm.ko
0x94e7c6a1	ipa3_eth_connect	ipa_clientsm.ko
0x85d268f8	ipa3_eth_disconnect	ipa_clientsm.ko
0xbd2cdde7	ipa3_get_client_mapping	ipa_clientsm.ko
0x95e21412	ipa3_get_dma_dev	ipa_clientsm.ko
0x0953f0af	ipa3_get_ipc_logbuf	ipa_clientsm.ko
0x1f3d094e	ipa3_get_ipc_logbuf_low	ipa_clientsm.ko
0x5e48dfa3	ipa3_get_r_rev_version	ipa_clientsm.ko
0xb1d7096b	ipa3_get_smmu_ctx	ipa_clientsm.ko
0x3f5f007b	ipa3_get_smmu_params	ipa_clientsm.ko
0xc91b8e3a	ipa3_has_open_aggr_frame	ipa_clientsm.ko
0xf42314fd	ipa3_inc_client_enable_clks	ipa_clientsm.ko
0x8dc6d2a9	ipa3_iommu_map	ipa_clientsm.ko
0xbfe0085b	ipa3_is_mhip_offload_enabled	ipa_clientsm.ko
0x7128f1b6	ipa3_is_ulso_supported	rndisipam.ko
0x151bc714	ipa3_mhi_destroy_channel	ipa_clientsm.ko
0x802f6841	ipa3_mhi_init_engine	ipa_clientsm.ko
0xb351ca05	ipa3_mhi_query_ch_info	ipa_clientsm.ko
0x370c33d3	ipa3_mhi_reset_channel_internal	ipa_clientsm.ko
0x477fc915	ipa3_mhi_resume_channels_internal	ipa_clientsm.ko
0xbcf806b7	ipa3_mhi_stop_gsi_channel	ipa_clientsm.ko
0xcbdd873b	ipa3_notify_clients_registered	ipa_clientsm.ko
0x9637cedf	ipa3_ntn_uc_dereg_rdyCB	ipa_clientsm.ko
0x31fd7f74	ipa3_ntn_uc_reg_rdyCB	ipa_clientsm.ko
0xb98679de	ipa3_qdss_register	ipa_clientsm.ko
0x3418a115	ipa3_qmi_disable_force_clear_datapath_send	ipa_clientsm.ko
0x19499b6b	ipa3_qmi_enable_force_clear_datapath_send	ipa_clientsm.ko
0x8079ce3a	ipa3_register_client_callback	ipa_clientsm.ko
0x173bdf6c	ipa3_register_intf	ipa_clientsm.ko,rndisipam.ko
0x561252c5	ipa3_release_gsi_channel	ipa_clientsm.ko
0x53b67637	ipa3_release_wdi_mapping	ipa_clientsm.ko
0x6e13a846	ipa3_request_gsi_channel	ipa_clientsm.ko
0x11708ab6	ipa3_reset_gsi_channel	ipa_clientsm.ko
0x56880c3c	ipa3_reset_gsi_event_ring	ipa_clientsm.ko
0xa009fcaf	ipa3_resume_wdi_pipe	ipa_clientsm.ko
0x529f18ea	ipa3_set_tag_process_before_gating	ipa_clientsm.ko
0xe962490e	ipa3_set_usb_max_packet_size	ipa_clientsm.ko
0x23574aed	ipa3_set_wlan_tx_info	ipa_clientsm.ko
0x7354464e	ipa3_setup_uc_ntn_pipes	ipa_clientsm.ko
0x0d6957dd	ipa3_smmu_map_peer_buff	ipa_clientsm.ko
0xcbc4569a	ipa3_smmu_map_peer_reg	ipa_clientsm.ko
0x15d21684	ipa3_start_gsi_channel	ipa_clientsm.ko
0x68706d71	ipa3_stop_gsi_channel	ipa_clientsm.ko
0x0e04fe07	ipa3_suspend_wdi_pipe	ipa_clientsm.ko
0x65750bd2	ipa3_tear_down_uc_offload_pipes	ipa_clientsm.ko
0x11331b0f	ipa3_teth_bridge_connect	ipa_clientsm.ko
0x7b600622	ipa3_teth_bridge_disconnect	ipa_clientsm.ko
0xd3eab59f	ipa3_teth_bridge_init	ipa_clientsm.ko
0x849793f5	ipa3_uc_loaded_check	ipa_clientsm.ko
0x181dc92f	ipa3_uc_reg_rdyCB	ipa_clientsm.ko
0xac3833c8	ipa3_uc_register_ready_cb	ipa_clientsm.ko
0x6a391267	ipa3_uc_state_check	ipa_clientsm.ko
0xe000eb3b	ipa3_update_mhi_ctrl_state	ipa_clientsm.ko
0x2852992d	ipa3_wigig_internal_init	ipa_clientsm.ko
0xd00472c5	ipa3_wigig_uc_msi_init	ipa_clientsm.ko
0xd17661ec	ipa3_wwan_cleanup	ipanetm.ko
0xb910bdea	ipa3_wwan_platform_driver_register	ipanetm.ko
0x017da7aa	ipa3_xdci_connect	ipa_clientsm.ko
0xa3c4fb10	ipa3_xdci_disconnect	ipa_clientsm.ko
0x6028648a	ipa3_xdci_ep_delay_rm	ipa_clientsm.ko
0x845446d1	ipa3_xdci_resume	ipa_clientsm.ko
0xe9062857	ipa3_xdci_start	ipa_clientsm.ko
0xdcfb1eb1	ipa3_xdci_suspend	ipa_clientsm.ko
0x40f5bee9	ipahal_get_ep_bit	ipa_clientsm.ko
0x7fb5d482	ipahal_get_ep_reg_idx	ipa_clientsm.ko
0xd0ac05f2	ipc_lite_msg_send	synx-driver.ko
0xdf3d14d1	ipc_lite_register_client	synx-driver.ko
0xbc67ff16	ipi_desc_get	qcom_wdt_core.ko
0xf9df35eb	iput	zsmalloc.ko
0x452ba683	ipv6_ext_hdr	rmnet_core.ko,rmnet_wlan.ko
0x16360c27	ipv6_skip_exthdr	rmnet_core.ko,rmnet_perf.ko,rmnet_shs.ko...
0xb060c510	ipv6_stub	rmnet_wlan.ko
0x13e8189f	irq_chip_ack_parent	pinctrl-spmi-gpio.ko
0x5b670641	irq_chip_disable_parent	pinctrl-msm.ko,qcom-pdc.ko
0x8d101352	irq_chip_enable_parent	pinctrl-msm.ko,qcom-pdc.ko
0x81d977c3	irq_chip_eoi_parent	pinctrl-msm.ko,qcom-pdc.ko
0x843326a5	irq_chip_get_parent_state	qcom-pdc.ko
0xeec940e0	irq_chip_mask_parent	pinctrl-msm.ko,pinctrl-spmi-gpio.ko,qcom-pdc.ko
0xb063c9fa	irq_chip_retrigger_hierarchy	qcom-pdc.ko
0xfab540d5	irq_chip_set_affinity_parent	pinctrl-msm.ko,qcom-pdc.ko
0x3d330455	irq_chip_set_parent_state	pinctrl-msm.ko,qcom-pdc.ko
0x563a442e	irq_chip_set_type_parent	pinctrl-msm.ko,pinctrl-spmi-gpio.ko,qcom-pdc.ko
0x770ea7ef	irq_chip_set_vcpu_affinity_parent	pinctrl-msm.ko,qcom-pdc.ko
0x4f3e2587	irq_chip_set_wake_parent	pinctrl-msm.ko,pinctrl-spmi-gpio.ko
0x11a3baf1	irq_chip_unmask_parent	pinctrl-msm.ko,pinctrl-spmi-gpio.ko,qcom-pdc.ko
0xba3b84c8	irq_create_fwspec_mapping	gh_arm_drv.ko
0xb7983b27	irq_create_mapping_affinity	wcd_core_dlkm.ko
0x2c7db649	irq_dispose_mapping	gh_arm_drv.ko,pci-msm-drv.ko,qcom_wdt_core.ko
0xd60273b9	irq_domain_alloc_irqs_parent	qcom-pdc.ko
0x36c19913	irq_domain_create_hierarchy	qcom-pdc.ko
0x81982ed9	irq_domain_disconnect_hierarchy	qcom-pdc.ko
0xcfff211b	irq_domain_free_irqs_common	qcom-pdc.ko,spmi-pmic-arb.ko
0x69126572	irq_domain_free_irqs_parent	pci-msm-drv.ko
0x0eacc482	irq_domain_get_irq_data	gh_rm_drv.ko,pci-msm-drv.ko
0x53833461	irq_domain_remove	msm_drm.ko,pci-msm-drv.ko,qcom-i2c-pmic.ko...
0x9b31f2ce	irq_domain_set_hwirq_and_chip	qcom-pdc.ko
0xe8181df3	irq_domain_set_info	pci-msm-drv.ko,spmi-pmic-arb.ko
0x2a876fc2	irq_domain_update_bus_token	qcom-pdc.ko
0x901f1d93	irq_domain_xlate_onecell	msm_drm.ko
0xc7783f5b	irq_domain_xlate_twocell	smp2p.ko
0x30897ed2	irq_find_mapping	msm_drm.ko,msm_show_resume_irq.ko,pci-msm-drv.ko...
0xe961b1f7	irq_find_matching_fwspec	gh_rm_drv.ko,pinctrl-msm.ko,pinctrl-spmi-gpio.ko...
0xd67517d1	irq_get_irq_data	cnss2.ko,gh_arm_drv.ko,msm_drm.ko...
0x1d222ced	irq_get_irqchip_state	qcom_rpmh.ko
0x7522f3ba	irq_modify_status	dwc3-msm.ko,i2c-msm-geni.ko,msm_11ad_proxy.ko...
0xcc23d1e5	irq_of_parse_and_map	msm_drm.ko,msm_qmp.ko,pci-msm-drv.ko...
0x2a7b4b03	irq_set_affinity_hint	msm_11ad_proxy.ko,qca_cld3_adrastea.ko,qcom-cpufreq-hw.ko...
0x7082834f	irq_set_affinity_notifier	msm_drm.ko,sdhci-msm.ko
0x89122253	irq_set_chained_handler_and_data	pci-msm-drv.ko,spmi-pmic-arb.ko
0x0bf5d553	irq_set_chip_and_handler_name	msm_drm.ko,qcom-i2c-pmic.ko,qcom_ipcc.ko...
0x20a789ac	irq_set_chip_data	msm_drm.ko,qcom-i2c-pmic.ko,qcom_ipcc.ko...
0x0bc477a2	irq_set_irq_type	dwc3-msm.ko
0xce2840e7	irq_set_irq_wake	bcl_pmic5.ko,cnss2.ko,coresight-tmc.ko...
0xb88dbfce	irq_set_irqchip_state	dwc3-msm.ko
0xdc6596fa	irq_set_parent	smp2p.ko
0x45355328	irq_to_desc	dwc3-msm.ko,focaltech_3683g.ko,focaltech_fts.ko...
0xd36ebd12	irq_work_queue	sched-walt.ko
0xf64a80c9	irq_work_queue_on	sched-walt.ko
0xf361a95b	irq_work_sync	sched-walt.ko
0xabcf70c3	is_dma_buf_file	minidump.ko,msm_kgsl.ko,msm_sysstats.ko
0xc31db0ce	is_vmalloc_addr	coresight-tmc.ko,dwc3-msm.ko,ipam.ko...
0x3b5b2b11	isolate_and_split_free_page	mem-offline.ko
0x4dd7bfd1	isolate_anon_lru_page	mem-offline.ko
0x1530f747	iterate_fd	minidump.ko,msm_sysstats.ko
0x15ba50a6	jiffies	ax88179_178a.ko,bt_fm_slim.ko,camera.ko...
0x37befc70	jiffies_to_msecs	camera.ko,cfg80211.ko,cnss2.ko...
0x7f24de73	jiffies_to_usecs	mbhc_dlkm.ko,msm_kgsl.ko,pci-msm-drv.ko...
0xa6f6226c	kasan_flag_enabled	arm_smmu.ko,block2mtd.ko,cfg80211.ko...
0xfb384d37	kasprintf	block2mtd.ko,gh_dbl.ko,gh_msgq.ko...
0x52af25c3	kern_mount	zsmalloc.ko
0xfc97d51a	kern_unmount	zsmalloc.ko
0x2c76d94a	kernel_bind	qrtr.ko
0x34cefdba	kernel_connect	cnss2.ko,icnss2.ko,ipam.ko...
0x8efdb59d	kernel_getsockname	qmi_helpers.ko,qrtr.ko
0xbe169a2d	kernel_kobj	adsp_loader_dlkm.ko,camera.ko,cdsp-loader.ko...
0xb5ad8220	kernel_recvmsg	qmi_helpers.ko,qrtr.ko
0x44037a4f	kernel_sendmsg	qmi_helpers.ko,qrtr.ko
0xa9fd43f3	kernfs_find_and_get_ns	mi_thermal_interface.ko,msm_drm.ko
0xb205d117	kernfs_notify	msm_drm.ko
0xc26db68c	kernfs_put	msm_drm.ko
0xfe1d2e94	key_create_or_update	cfg80211.ko
0xa855c37d	key_put	cfg80211.ko
0x4a6752f7	keyring_alloc	cfg80211.ko
0x037a0cba	kfree	adsp_loader_dlkm.ko,altmode-glink.ko,arm_smmu.ko...
0xf474fdcb	kfree_const	reboot-mode.ko,rproc_qcom_common.ko
0xd0760fc0	kfree_sensitive	camera.ko,cfg80211.ko,hdcp.ko...
0x1d9aea18	kfree_skb	asix.ko,audio_pkt_dlkm.ko,cfg80211.ko...
0x1d0e3a97	kfree_skb_list	rmnet_sch.ko
0xa1452604	kgsl_get_stats	msm_sysstats.ko
0x7dcd8381	kill_anon_super	zsmalloc.ko
0x0cfca9d5	kill_fasync	sg.ko
0xb2ead97c	kimage_vaddr	qcom_cpu_vendor_hooks.ko
0xe4bbc1dd	kimage_voffset	arm_smmu.ko,cnss2.ko,ipam.ko...
0xeb1872f4	kmalloc_caches	altmode-glink.ko,arm_smmu.ko,asix.ko...
0xb8b9f817	kmalloc_order_trace	camera.ko,cnss_plat_ipc_qmi_svc.ko,goodix_core.ko...
0x548c620f	kmem_cache_alloc	camera.ko,ipam.ko,msm-cvp.ko...
0x66db42df	kmem_cache_alloc_trace	altmode-glink.ko,arm_smmu.ko,asix.ko...
0xb81fc35d	kmem_cache_create	camera.ko,ipam.ko,msm-cvp.ko...
0xe548931a	kmem_cache_create_usercopy	cnss_prealloc.ko
0x4f779b63	kmem_cache_destroy	camera.ko,cnss_prealloc.ko,ipam.ko...
0xf4e19380	kmem_cache_free	camera.ko,ipam.ko,msm-cvp.ko...
0x66b4cc41	kmemdup	camera.ko,cfg80211.ko,cnss2.ko...
0x0eb0bbf9	kmsg_dump_get_buffer	mtdoops.ko
0x10c2e75a	kmsg_dump_register	mtdoops.ko
0x616b30c7	kmsg_dump_rewind	mtdoops.ko
0xdea9919b	kmsg_dump_unregister	mtdoops.ko
0x551b1300	kobj_sysfs_ops	camera.ko,guestvm_loader.ko,msm_kgsl.ko
0xf5f7b498	kobject_add	camera.ko,sched-walt.ko
0x177f5d51	kobject_create_and_add	adsp_loader_dlkm.ko,camera.ko,cdsp-loader.ko...
0xf524bddc	kobject_del	adsp_loader_dlkm.ko,cdsp-loader.ko,core_hang_detect.ko...
0xf6b0c7cb	kobject_init	camera.ko,sched-walt.ko
0xef1d7977	kobject_init_and_add	bwmon.ko,core_hang_detect.ko,goodix_core.ko...
0x91b9ec8d	kobject_put	bwmon.ko,camera.ko,core_hang_detect.ko...
0x35bc9e8c	kobject_set_name	msm_drm.ko,stm_core.ko
0x0582a188	kobject_uevent	msm_kgsl.ko,rq_stats.ko,wil6210.ko
0xee1ede4b	kobject_uevent_env	cfg80211.ko,ipam.ko,msm_drm.ko...
0xb1e12d81	krealloc	coresight.ko,lpass_cdc_rx_macro_dlkm.ko,lpass_cdc_va_macro_dlkm.ko...
0xfd4eadcf	kset_create_and_add	msm_performance.ko
0x04ea5d10	ksize	qca_cld3_adrastea.ko
0x66f86b20	ksoftirqd	sched-walt.ko
0x38869d88	kstat	qcom_wdt_core.ko
0xb6bffb99	kstat_irqs_cpu	qcom_wdt_core.ko
0x9bb05a3a	kstat_irqs_usr	qcom_wdt_core.ko
0x2d39b0a7	kstrdup	altmode-glink.ko,aw882xx_dlkm.ko,fs19xx_dlkm.ko...
0x365e7911	kstrdup_const	reboot-mode.ko,rproc_qcom_common.ko
0x1652925f	kstrdup_quotable_cmdline	msm_kgsl.ko
0x9eacf8a5	kstrndup	lpass_cdc_tx_macro_dlkm.ko,lpass_cdc_va_macro_dlkm.ko,usb_f_cdev.ko...
0xe0875eb1	kstrtobool	core_hang_detect.ko,coresight-tpda.ko,dwc3-msm.ko...
0x2276db98	kstrtoint	adsp_loader_dlkm.ko,aw882xx_dlkm.ko,bwmon.ko...
0x779a18af	kstrtoll	glink_pkt.ko,goodix_core.ko,msm_performance.ko
0xbcbdf60f	kstrtos8	qca_cld3_adrastea.ko,wil6210.ko
0x7b0192da	kstrtou16	qca_cld3_adrastea.ko,qcom-hv-haptics.ko,zram.ko
0x46045dd7	kstrtou8	qca_cld3_adrastea.ko,qcom_wdt_core.ko,usb_f_cdev.ko...
0x69ad2f20	kstrtouint	aw882xx_dlkm.ko,bwmon.ko,cdsp-loader.ko...
0x3c80c06c	kstrtoull	camera.ko,coresight-csr.ko,coresight-cti.ko...
0x04408b30	kthread_bind_mask	sched-walt.ko
0xa6c560c8	kthread_cancel_delayed_work_sync	msm_drm.ko
0x02190f89	kthread_cancel_work_sync	msm_drm.ko,qcom_glink.ko,sched-walt.ko
0xd9aa98a4	kthread_create_on_node	camera.ko,cdsprm.ko,gh_rm_drv.ko...
0xe3e465cd	kthread_create_worker	msm_drm.ko,msm_kgsl.ko
0xc1b48cc6	kthread_delayed_work_timer_fn	msm_drm.ko
0x00a37f00	kthread_destroy_worker	msm_drm.ko,msm_kgsl.ko
0xf98fd8ef	kthread_flush_work	msm_drm.ko
0xae6080fa	kthread_flush_worker	msm_drm.ko,msm_kgsl.ko,qcom_glink.ko...
0x6d7ae2d5	kthread_mod_delayed_work	msm_drm.ko
0x7c009f61	kthread_park	msm_drm.ko
0xf95322f4	kthread_parkme	msm_drm.ko
0x8242a45a	kthread_queue_delayed_work	msm_drm.ko
0xc643be43	kthread_queue_work	msm_drm.ko,msm_kgsl.ko,qcom_glink.ko...
0x79defbe1	kthread_should_park	msm_drm.ko
0xb3f7646e	kthread_should_stop	cdsprm.ko,gh_rm_drv.ko,hyp_core_ctl.ko...
0x2b7ddd11	kthread_stop	cdsprm.ko,gh_rm_drv.ko,hyp_core_ctl.ko...
0x397bae86	kthread_unpark	msm_drm.ko
0x955b0e2e	kthread_worker_fn	msm_drm.ko,qcom_glink.ko,qrtr.ko...
0xb43f9365	ktime_get	arm_smmu.ko,bwmon.ko,camera.ko...
0x484f6edf	ktime_get_coarse_real_ts64	mtdoops.ko
0xbcc15e75	ktime_get_coarse_with_offset	cfg80211.ko
0x6ebe366f	ktime_get_mono_fast_ns	arm_smmu.ko,bam_dma.ko,cnss2.ko...
0x9714e0bb	ktime_get_raw	rmnet_core.ko
0x953e1b9e	ktime_get_real_seconds	msm_kgsl.ko
0x9ec6ca96	ktime_get_real_ts64	camera.ko,frpc-adsprpc.ko,msm_drm.ko...
0xc4f0da12	ktime_get_with_offset	camera.ko,focaltech_3683g.ko,qca_cld3_adrastea.ko...
0x7aa1756e	kvfree	camera.ko,frpc-adsprpc.ko,ipam.ko...
0xbaf22757	kvfree_call_rcu	cfg80211.ko,rmnet_wlan.ko
0x599fb41c	kvmalloc_node	camera.ko,frpc-adsprpc.ko,lzo-rle.ko...
0x0d6296d3	led_classdev_register_ext	leds-aw2016.ko,leds-qpnp-flash-v2.ko
0xcb7db351	led_classdev_unregister	leds-aw2016.ko,leds-qpnp-flash-v2.ko
0x6006e194	led_trigger_event	camera.ko
0xa259f598	led_trigger_register_simple	camera.ko
0xb45ef8ba	led_trigger_unregister_simple	camera.ko
0xcba4abe3	list_sort	camera.ko,icc-bcm-voter.ko,msm_drm.ko...
0xc7a1840e	llist_add_batch	msm_kgsl.ko
0x0ddb1cd7	llist_reverse_order	msm_kgsl.ko
0x4c6afd90	lock_sock_nested	qrtr.ko
0xd9b85ef6	lockref_get	mtd.ko
0x67fdd2b2	logfc	mtd.ko
0xfa0370a1	lookup_bdev	mtd.ko
0x8bd01556	lpass_cdc_check_core_votes	lpass_cdc_rx_macro_dlkm.ko,lpass_cdc_va_macro_dlkm.ko,lpass_cdc_wsa2_macro_dlkm.ko...
0x6c12176e	lpass_cdc_clear_amic_tx_hold	lpass_cdc_tx_macro_dlkm.ko,lpass_cdc_va_macro_dlkm.ko
0xa79c4c73	lpass_cdc_clk_rsc_fs_gen_request	lpass_cdc_rx_macro_dlkm.ko,lpass_cdc_tx_macro_dlkm.ko,lpass_cdc_va_macro_dlkm.ko...
0x1875baae	lpass_cdc_clk_rsc_request_clock	lpass_cdc_rx_macro_dlkm.ko,lpass_cdc_tx_macro_dlkm.ko,lpass_cdc_va_macro_dlkm.ko...
0xb87c907b	lpass_cdc_dmic_clk_enable	lpass_cdc_tx_macro_dlkm.ko,lpass_cdc_va_macro_dlkm.ko
0x08e950e0	lpass_cdc_get_device_ptr	lpass_cdc_rx_macro_dlkm.ko,lpass_cdc_tx_macro_dlkm.ko,lpass_cdc_va_macro_dlkm.ko...
0x8cf1aef1	lpass_cdc_get_version	lpass_cdc_tx_macro_dlkm.ko,lpass_cdc_va_macro_dlkm.ko
0x7cf3e9be	lpass_cdc_info_create_codec_entry	machine_dlkm.ko
0xa098c9e9	lpass_cdc_is_va_macro_registered	lpass_cdc_rx_macro_dlkm.ko,lpass_cdc_tx_macro_dlkm.ko,lpass_cdc_wsa2_macro_dlkm.ko...
0x582474ee	lpass_cdc_load_compander_coeff	lpass_cdc_rx_macro_dlkm.ko
0x584d7fa1	lpass_cdc_register_macro	lpass_cdc_rx_macro_dlkm.ko,lpass_cdc_tx_macro_dlkm.ko,lpass_cdc_va_macro_dlkm.ko...
0x77a6306e	lpass_cdc_register_wake_irq	machine_dlkm.ko
0x01421186	lpass_cdc_rsc_clk_reset	lpass_cdc_rx_macro_dlkm.ko,lpass_cdc_tx_macro_dlkm.ko,lpass_cdc_va_macro_dlkm.ko...
0xaa8fe81d	lpass_cdc_runtime_resume	lpass_cdc_rx_macro_dlkm.ko,lpass_cdc_tx_macro_dlkm.ko,lpass_cdc_va_macro_dlkm.ko...
0x89b639b8	lpass_cdc_runtime_suspend	lpass_cdc_rx_macro_dlkm.ko,lpass_cdc_tx_macro_dlkm.ko,lpass_cdc_va_macro_dlkm.ko...
0x3e6d162b	lpass_cdc_rx_set_fir_capability	machine_dlkm.ko
0x00c64d71	lpass_cdc_set_port_map	machine_dlkm.ko
0xf6f83862	lpass_cdc_tx_macro_mute_hs	mbhc_dlkm.ko
0x916728d3	lpass_cdc_tx_mclk_enable	lpass_cdc_va_macro_dlkm.ko
0x781b05da	lpass_cdc_unregister_macro	lpass_cdc_rx_macro_dlkm.ko,lpass_cdc_tx_macro_dlkm.ko,lpass_cdc_va_macro_dlkm.ko...
0xb9f134d5	lpass_cdc_update_compander_setting	lpass_cdc_rx_macro_dlkm.ko,lpass_cdc_wsa2_macro_dlkm.ko,lpass_cdc_wsa_macro_dlkm.ko
0x2b0acf2b	lpass_cdc_wsa_pa_on	lpass_cdc_wsa2_macro_dlkm.ko,lpass_cdc_wsa_macro_dlkm.ko
0x787c882b	lzo1x_1_compress	lzo.ko
0x04df8fbc	lzo1x_decompress_safe	lzo-rle.ko,lzo.ko
0x79f697e4	lzorle1x_1_compress	lzo-rle.ko
0x652032cb	mac_pton	qca_cld3_adrastea.ko
0xa92690a9	map_debug_bases	debugcc-parrot.ko,debugcc-ravelin.ko
0x81188c30	match_string	dwc3-msm.ko,sched-walt.ko
0x8c5b346e	mbox_chan_received_data	msm_qmp.ko,qcom_rimps.ko
0x40a79c74	mbox_chan_txdone	msm_qmp.ko
0xa90e12d3	mbox_client_txdone	msm_qmp.ko,qcom_aoss.ko,qcom_glink.ko...
0x07e14d2c	mbox_controller_register	msm_qmp.ko,qcom_ipcc.ko,qcom_rimps.ko
0x91ba3f34	mbox_controller_unregister	msm_qmp.ko,qcom_ipcc.ko,qcom_rimps.ko
0x4abd0c35	mbox_free_channel	cnss2.ko,icnss2.ko,ipam.ko...
0xf7cdbd5a	mbox_request_channel	btpower.ko,cnss2.ko,icnss2.ko...
0xe941859b	mbox_send_message	btpower.ko,cnss2.ko,icnss2.ko...
0xe53bf6f7	mdiobus_alloc_size	asix.ko
0x1b7da5e7	mdiobus_free	asix.ko
0x2ee5d23a	mdiobus_unregister	asix.ko
0xa98f49c8	media_device_cleanup	camera.ko
0x35fd62b8	media_device_init	camera.ko
0x2f4b25cb	media_device_unregister	camera.ko
0x0744b735	media_entity_pads_init	camera.ko
0xaae7d1de	mem_alloc_generic_req_msg_data_v01_ei	msm_memshare.ko
0x3f44a368	mem_alloc_generic_resp_msg_data_v01_ei	msm_memshare.ko
0x381dc251	mem_buf_assign_mem	mem_buf.ko
0x67e80f11	mem_buf_capability	mem_buf.ko
0xf41e47be	mem_buf_check_vmids	mem_buf.ko
0x7fb8d1aa	mem_buf_dev	mem_buf.ko
0x878f1779	mem_buf_dma_buf_copy_vmperm	msm-cvp.ko,msm-eva.ko,msm_kgsl.ko...
0x0c76db23	mem_buf_dma_buf_exclusive_owner	frpc-adsprpc.ko,mem_buf.ko,msm_kgsl.ko...
0xd6aa0048	mem_buf_dma_buf_export	mem_buf.ko,qcom_dma_heaps.ko
0xece5979a	mem_buf_dma_buf_set_destructor	qseecom-mod.ko
0x9f23fee7	mem_buf_fd_to_vmid	mem_buf.ko
0x838edf98	mem_buf_gh_acl_desc_to_vmid_perm_list	mem_buf.ko
0x4aff2270	mem_buf_lend	camera.ko,mem_buf.ko,msm-cvp.ko...
0x4923d51c	mem_buf_map_mem_s1	mem_buf.ko
0x6898aa2e	mem_buf_map_mem_s2	mem_buf.ko
0xc53748fe	mem_buf_reclaim	mem_buf.ko
0xbc065cf8	mem_buf_share	mem_buf.ko
0xe672f99b	mem_buf_unassign_mem	mem_buf.ko
0x68a652b9	mem_buf_unmap_mem_s1	mem_buf.ko
0xc108f03f	mem_buf_unmap_mem_s2	mem_buf.ko
0x3ad24b4d	mem_buf_vmid_perm_list_to_gh_acl	mem_buf.ko
0xce5771c6	mem_buf_vmperm_alloc	qcom_dma_heaps.ko
0x24f6ad39	mem_buf_vmperm_alloc_accept	mem_buf.ko
0x9b0cef8c	mem_buf_vmperm_alloc_staticvm	qcom_dma_heaps.ko
0xa31df8f4	mem_buf_vmperm_can_cmo	qcom_dma_heaps.ko
0xb5f12423	mem_buf_vmperm_can_mmap	qcom_dma_heaps.ko
0xab6ef9af	mem_buf_vmperm_can_vmap	qcom_dma_heaps.ko
0x96ee923e	mem_buf_vmperm_pin	qcom_dma_heaps.ko
0xd05f5b6e	mem_buf_vmperm_release	qcom_dma_heaps.ko
0xfeb8ae4a	mem_buf_vmperm_unpin	qcom_dma_heaps.ko
0x7977203c	mem_free_generic_req_msg_data_v01_ei	msm_memshare.ko
0x7193b0cd	mem_free_generic_resp_msg_data_v01_ei	msm_memshare.ko
0xfc09fc89	mem_query_size_req_msg_data_v01_ei	msm_memshare.ko
0xca1d8912	mem_query_size_resp_msg_data_v01_ei	msm_memshare.ko
0x4c894766	memblock_end_of_DRAM	mem-offline.ko
0x9f0ec720	memblock_free	msm_drm.ko
0xa07a37f0	memchr	msm-cvp.ko,msm-eva.ko,msm_video.ko...
0x449ad0a7	memcmp	cfg80211.ko,qca_cld3_adrastea.ko
0x4829a47e	memcpy	adsp_loader_dlkm.ko,altmode-glink.ko,arm_smmu.ko...
0x9291cd3b	memdup_user	audio_pkt_dlkm.ko,aw882xx_dlkm.ko,camera.ko...
0x5a9f1d63	memmove	asix.ko,frpc-adsprpc.ko,minidump.ko...
0xfcc1edd3	memory_block_size_bytes	mem-offline.ko
0x65e0d6d7	memory_read_from_buffer	qcom_ramdump.ko,qti_battery_debug.ko
0x27864d57	memparse	msm_drm.ko,zram.ko
0xc3762aec	mempool_alloc	cnss_prealloc.ko
0xc972449f	mempool_alloc_slab	cnss_prealloc.ko
0x1953c958	mempool_create	cnss_prealloc.ko
0x9034a696	mempool_destroy	cnss_prealloc.ko
0xa897e3e7	mempool_free	cnss_prealloc.ko
0x8a99a016	mempool_free_slab	cnss_prealloc.ko
0x4d924f20	memremap	guestvm_loader.ko,icnss2.ko,ipam.ko...
0xdcb764ad	memset	arm_smmu.ko,aw882xx_dlkm.ko,block2mtd.ko...
0xed8a2d95	memset64	zram.ko
0x9688de8b	memstart_addr	arm_smmu.ko,camera.ko,cnss2.ko...
0x9e9fdd9d	memunmap	guestvm_loader.ko,ipam.ko,msm-cvp.ko...
0xf5bc2ebf	mhi_alloc_controller	cnss2.ko
0x8cd94b46	mhi_controller_set_bw_scale_cb	cnss2.ko
0xec1ff16c	mhi_debug_reg_dump	cnss2.ko
0x9706062f	mhi_device_configure	ipam.ko
0xf1701c94	mhi_device_get	cnss2.ko,mhi_dev_netdev.ko
0x4bd1f6e4	mhi_device_get_sync	cnss2.ko
0x331f0950	mhi_device_get_sync_atomic	cnss2.ko
0x9042956e	mhi_device_ioctl	mhi_dev_uci.ko
0xad3ba023	mhi_device_put	cnss2.ko,mhi_dev_netdev.ko
0x3037418b	mhi_download_rddm_image	cnss2.ko
0x5693a93c	mhi_driver_unregister	ipam.ko,mhi_dev_dtr.ko,mhi_dev_netdev.ko...
0x0bfd4258	mhi_dump_sfr	cnss2.ko
0x71db1238	mhi_force_rddm_mode	cnss2.ko
0x7ce211f7	mhi_force_reset	cnss2.ko
0xe2996d59	mhi_free_controller	cnss2.ko
0x7ccf27d5	mhi_get_channel_db_base	ipam.ko
0x4e3349d9	mhi_get_device_for_channel	mhi_dev_dtr.ko
0x6d72cf90	mhi_get_event_ring_db_base	ipam.ko
0x433cc7ad	mhi_get_exec_env	cnss2.ko
0x984e740a	mhi_get_free_desc_count	mhi_dev_netdev.ko,mhi_dev_uci.ko,qdss_bridge.ko
0xf4b95831	mhi_notify	mhi_dev_dtr.ko
0x736cf96f	mhi_pm_fast_resume	cnss2.ko
0xbed2072d	mhi_pm_fast_suspend	cnss2.ko
0x6ab75aad	mhi_pm_resume	cnss2.ko
0xc50bccf8	mhi_pm_suspend	cnss2.ko
0x81866f5d	mhi_poll	mhi_dev_netdev.ko
0x5f04334b	mhi_power_down	cnss2.ko
0xddbb8ebd	mhi_prepare_for_power_up	cnss2.ko
0xe47f00af	mhi_prepare_for_transfer	ipam.ko,mhi_dev_dtr.ko,mhi_dev_netdev.ko...
0xfbf68287	mhi_queue_buf	mhi_dev_dtr.ko,mhi_dev_uci.ko,qdss_bridge.ko
0x32af49ca	mhi_queue_dma	mhi_dev_netdev.ko
0xc5b66752	mhi_queue_skb	mhi_dev_netdev.ko,qrtr-mhi.ko
0x0c8f64fa	mhi_register_controller	cnss2.ko
0x72995b8b	mhi_report_error	cnss2.ko
0x99b34932	mhi_scan_rddm_cookie	cnss2.ko
0x472afe1e	mhi_set_m2_timeout_ms	cnss2.ko
0x5f3e9e1c	mhi_start_transfer	ipam.ko
0xfee978c2	mhi_stop_transfer	ipam.ko
0x41376ae9	mhi_sync_power_up	cnss2.ko
0xe139d2d5	mhi_unprepare_after_power_down	cnss2.ko
0x4faa257b	mhi_unprepare_from_transfer	mhi_dev_uci.ko,qdss_bridge.ko,qrtr-mhi.ko
0xe627f825	mhi_unregister_controller	cnss2.ko
0xeac6b82d	mi_display_pwrkey_callback_set	msm_drm.ko
0x436bd98f	migrate_pages	mem-offline.ko
0xd5e3420a	migrate_swap	sched-walt.ko
0x81b02588	mii_check_media	asix.ko
0x51423689	mii_ethtool_get_link_ksettings	ax88179_178a.ko
0xd0e29d9c	mii_ethtool_gset	asix.ko,ax88179_178a.ko
0x4dd2466b	mii_ethtool_set_link_ksettings	ax88179_178a.ko
0x820f4b6c	mii_link_ok	asix.ko
0xa782262b	mii_nway_restart	asix.ko,ax88179_178a.ko
0x81ce66fa	mipi_dsi_create_packet	msm_drm.ko
0x486c3798	mipi_dsi_dcs_read	msm_drm.ko
0xe9b80cf7	mipi_dsi_dcs_set_display_brightness	msm_drm.ko
0xbee11ee8	mipi_dsi_dcs_set_display_off	msm_drm.ko
0x22dd72f1	mipi_dsi_dcs_set_tear_off	msm_drm.ko
0xb48dc28f	mipi_dsi_dcs_write	msm_drm.ko
0x012f2e6f	mipi_dsi_host_register	msm_drm.ko
0xedda5ce7	mipi_dsi_host_unregister	msm_drm.ko
0xdcef2da4	misc_deregister	aw882xx_dlkm.ko,coresight-tmc.ko,fs19xx_dlkm.ko...
0x6331d19e	misc_register	aw882xx_dlkm.ko,coresight-tmc.ko,fs19xx_dlkm.ko...
0x404f6e05	mmc_cqe_request_done	cqhci.ko
0x7560b1c3	mmc_get_card	sdhci-msm-scaling.ko,sdhci-msm.ko
0x781008d2	mmc_hs200_tuning	sdhci-msm-scaling.ko
0x753883c5	mmc_issue_type	sdhci-msm-scaling.ko
0xa77debf1	mmc_of_parse	sdhci-msm.ko
0x3d3cc3e6	mmc_put_card	sdhci-msm-scaling.ko,sdhci-msm.ko
0xbf2ae660	mmc_regulator_get_supply	sdhci-msm.ko
0xd981202f	mmc_regulator_set_ocr	sdhci-msm.ko
0x110cb690	mmc_regulator_set_vqmmc	sdhci-msm.ko
0xd70324a3	mmc_release_host	sdhci-msm-scaling.ko
0xedd3992f	mmc_select_bus_width	sdhci-msm-scaling.ko
0x7ce54fbd	mmc_select_hs	sdhci-msm-scaling.ko
0x4944b524	mmc_select_hs_ddr	sdhci-msm-scaling.ko
0xd09b4365	mmc_select_hs400	sdhci-msm-scaling.ko
0xbec1f8a3	mmc_select_timing	sdhci-msm-scaling.ko
0x765f1937	mmc_send_status	sdhci-msm-scaling.ko
0xdb67d31e	mmc_send_tuning	sdhci-msm.ko
0xf60f723e	mmc_set_clock	sdhci-msm-scaling.ko
0xe2d6257e	mmc_set_initial_state	sdhci-msm-scaling.ko
0x9d14ad77	mmc_set_timing	sdhci-msm-scaling.ko
0x5c0876e0	mmput	sched-walt.ko
0xde9150a8	mmrm_client_check_scaling_supported	msm_video.ko
0x15e4a2d8	mmrm_client_deregister	msm-cvp.ko,msm_drm.ko,msm_video.ko
0xbbd8dc5d	mmrm_client_register	msm-cvp.ko,msm_drm.ko,msm_video.ko
0x6be8a03a	mmrm_client_set_value	msm_drm.ko,msm_video.ko
0xf77f51e3	mmrm_client_set_value_in_range	msm-cvp.ko
0xc4f47221	mod_delayed_work_on	cfg80211.ko,dcvs_boost.ko,msm_video.ko...
0x07aa649b	mod_node_page_state	qcom_dma_heaps.ko
0x72cd0f7f	mod_timer	camera.ko,cnss2.ko,guestvm_loader.ko...
0x7c24b32d	module_layout	adsp_loader_dlkm.ko,altmode-glink.ko,arm_smmu.ko...
0x2f166344	module_put	chipreg.ko,coresight.ko,msm_11ad_proxy.ko...
0xf9a482f9	msleep	asix.ko,audio_prm_dlkm.ko,aw882xx_dlkm.ko...
0xcc5005fe	msleep_interruptible	msm_video.ko,qca_cld3_adrastea.ko
0x2d1177c5	msm_11ad_dev_init	wil6210.ko
0x38007126	msm_11ad_modexit	wil6210.ko
0xcfdb4201	msm_11ad_modinit	wil6210.ko
0x13b963ad	msm_audio_get_phy_addr	audio_pkt_dlkm.ko
0x9b4f1f33	msm_audio_ion_crash_handler	audio_pkt_dlkm.ko,machine_dlkm.ko
0xdeaa1368	msm_cdc_disable_ondemand_supply	wcd937x_dlkm.ko,wcd938x_dlkm.ko
0x40802b53	msm_cdc_enable_ondemand_supply	wcd937x_dlkm.ko,wcd938x_dlkm.ko
0x9adfb211	msm_cdc_enable_static_supplies	wcd937x_dlkm.ko,wcd938x_dlkm.ko,wsa881x_dlkm.ko...
0x0e67ea53	msm_cdc_get_power_supplies	wcd937x_dlkm.ko,wcd938x_dlkm.ko,wsa881x_dlkm.ko...
0x7b52725c	msm_cdc_init_supplies	wcd937x_dlkm.ko,wcd938x_dlkm.ko,wsa881x_dlkm.ko...
0x8ead3d0a	msm_cdc_is_ondemand_supply	wcd938x_dlkm.ko
0x4a3f91e7	msm_cdc_pinctrl_get_state	lpass_cdc_rx_macro_dlkm.ko,lpass_cdc_va_macro_dlkm.ko,lpass_cdc_wsa2_macro_dlkm.ko...
0xad51424f	msm_cdc_pinctrl_select_active_state	lpass_cdc_rx_macro_dlkm.ko,lpass_cdc_va_macro_dlkm.ko,lpass_cdc_wsa2_macro_dlkm.ko...
0xe1d928f0	msm_cdc_pinctrl_select_sleep_state	lpass_cdc_rx_macro_dlkm.ko,lpass_cdc_va_macro_dlkm.ko,lpass_cdc_wsa2_macro_dlkm.ko...
0xd0a9b5e5	msm_cdc_pinctrl_set_wakeup_capable	lpass_cdc_rx_macro_dlkm.ko,lpass_cdc_va_macro_dlkm.ko,lpass_cdc_wsa2_macro_dlkm.ko...
0x2bcd6b4d	msm_cdc_release_supplies	wsa883x_dlkm.ko
0xbbb3643e	msm_cdc_set_supplies_lpm_mode	wcd938x_dlkm.ko,wsa883x_dlkm.ko
0x1e52a708	msm_data_fifo_config	usb_f_qdss.ko
0x289dd773	msm_dma_buf_freed	qcom_dma_heaps.ko
0x1d9a2def	msm_dma_map_sg_attrs	qcom_dma_heaps.ko
0x364ea308	msm_dma_unmap_all_for_dev	msm_drm.ko
0x77cf1416	msm_dma_unmap_sg_attrs	qcom_dma_heaps.ko
0x1ccbdffe	msm_dump_data_register	msm_11ad_proxy.ko
0x0dd501da	msm_dump_data_register_nominidump	cnss2.ko
0x06680e6f	msm_ep_clear_ops	usb_f_qdss.ko
0xca10be4d	msm_ep_config	usb_f_qdss.ko
0xc8ca5ffb	msm_ep_set_mode	usb_f_gsi.ko,usb_f_qdss.ko
0xa7743da8	msm_ep_unconfig	usb_f_qdss.ko
0xa9a5cf04	msm_ep_update_ops	usb_f_qdss.ko
0x49ae6b24	msm_ext_disp_deregister_intf	msm_drm.ko
0xfc64f7b2	msm_ext_disp_register_audio_codec	hdmi_dlkm.ko
0x275abb07	msm_ext_disp_register_intf	msm_drm.ko
0x1a9c4ffc	msm_ext_disp_select_audio_codec	hdmi_dlkm.ko
0x435a71a8	msm_gpio_get_pin_address	focaltech_fts.ko,msm_drm.ko,nt36xxx-i2c.ko
0xdc9d499c	msm_gpio_mpm_wake_set	wcd_core_dlkm.ko
0x5bb305e8	msm_minidump_add_region	cnss2.ko,dcc_v2.ko,frpc-adsprpc.ko...
0x584e21a2	msm_minidump_enabled	frpc-adsprpc.ko,msm-cvp.ko,msm_kgsl.ko...
0x817876ce	msm_minidump_remove_region	cnss2.ko,frpc-adsprpc.ko,msm-cvp.ko...
0xe374ebfe	msm_pcie_allow_l1	cnss2.ko,mhi.ko
0x1df5aa4c	msm_pcie_deregister_event	cnss2.ko,msm_11ad_proxy.ko
0x83a5a53a	msm_pcie_enumerate	cnss2.ko,msm_11ad_proxy.ko
0x632971a3	msm_pcie_pm_control	cnss2.ko,msm_11ad_proxy.ko
0x517ec612	msm_pcie_prevent_l1	cnss2.ko,mhi.ko
0x0179d0a5	msm_pcie_reg_dump	cnss2.ko
0x28391169	msm_pcie_register_event	cnss2.ko,msm_11ad_proxy.ko
0x368eac5f	msm_pcie_set_link_bandwidth	cnss2.ko
0xa82e96cf	msm_pcie_set_target_link_speed	cnss2.ko
0x2c5bf99d	msm_perf_events_update	msm_kgsl.ko
0x38073661	msm_pinctrl_probe	pinctrl-parrot.ko,pinctrl-ravelin.ko
0x278bc007	msm_pinctrl_remove	pinctrl-parrot.ko,pinctrl-ravelin.ko
0xaf4e8c38	msm_qdss_csr_disable_bam_to_usb	coresight-tmc.ko
0x8f753304	msm_qdss_csr_disable_flush	coresight-tmc.ko
0x9b150412	msm_qdss_csr_enable_bam_to_usb	coresight-tmc.ko
0x5b3cc0ae	msm_qdss_csr_enable_flush	coresight-tmc.ko
0xe171fa0e	msm_secure_get_vmid_perms	qcom_dma_heaps.ko
0x5cd5b0ed	mtd_block_isbad	mtdoops.ko
0xc34e2a6c	mtd_block_markbad	mtdoops.ko
0x9bb4dc39	mtd_device_parse_register	block2mtd.ko
0xd6797ba9	mtd_device_unregister	block2mtd.ko
0x568c2e8c	mtd_erase	mtdblock.ko,mtdoops.ko
0x82036049	mtd_panic_write	mtdoops.ko
0xd87cb53b	mtd_read	mtdblock.ko,mtdoops.ko
0x2266e97d	mtd_table_mutex	mtd_blkdevs.ko
0x95f3305d	mtd_write	mtdblock.ko,mtdoops.ko
0x3d6dd0aa	mutex_is_locked	goodix_fod.ko,mbhc_dlkm.ko,msm-cvp.ko...
0xeb9065d9	mutex_lock	altmode-glink.ko,arm_smmu.ko,asix.ko...
0xf4124677	mutex_lock_interruptible	audio_pkt_dlkm.ko,gh_rm_drv.ko,glink_pkt.ko...
0x78c7940d	mutex_trylock	arm_smmu.ko,camera.ko,cnss2.ko...
0xe8b268ae	mutex_unlock	altmode-glink.ko,arm_smmu.ko,asix.ko...
0xc10fddb8	name_to_dev_t	block2mtd.ko
0x7de5ab7d	napi_complete_done	ipam.ko,mhi_dev_netdev.ko,qca_cld3_adrastea.ko...
0x565644e8	napi_disable	ipam.ko,mhi_dev_netdev.ko,qca_cld3_adrastea.ko...
0x2256ccea	napi_gro_flush	qca_cld3_adrastea.ko
0xaf956f74	napi_gro_receive	qca_cld3_adrastea.ko,wil6210.ko
0x18484a94	napi_schedule_prep	ipam.ko,mhi_dev_netdev.ko,qca_cld3_adrastea.ko...
0x91e60c97	neigh_destroy	rmnet_wlan.ko
0xa92bd1ff	neigh_resolve_output	rmnet_wlan.ko
0x71b88d97	net_ns_type_operations	cfg80211.ko
0xf6ebc03b	net_ratelimit	wil6210.ko
0xde7871d3	netdev_err	asix.ko,ax88179_178a.ko,cfg80211.ko...
0x85cff488	netdev_info	asix.ko,ax88179_178a.ko,wil6210.ko
0x323281ea	netdev_rx_handler_register	rmnet_core.ko,rmnet_wlan.ko
0xe58f291a	netdev_rx_handler_unregister	rmnet_core.ko,rmnet_wlan.ko
0x07beb0c1	netdev_update_features	qca_cld3_adrastea.ko
0xa92637b7	netdev_warn	asix.ko,ax88179_178a.ko
0xec13102e	netif_carrier_off	qca_cld3_adrastea.ko,rndisipam.ko,wil6210.ko
0x0a285035	netif_carrier_on	ax88179_178a.ko,qca_cld3_adrastea.ko,rndisipam.ko...
0xc29b62e1	netif_device_attach	ipam.ko
0x12cdb4ec	netif_device_detach	ipam.ko
0x8521dce3	netif_napi_add	ipam.ko,mhi_dev_netdev.ko,qca_cld3_adrastea.ko...
0xa10ba3b8	netif_receive_skb	ipam.ko,mhi_dev_netdev.ko,qca_cld3_adrastea.ko...
0x6b8bf149	netif_receive_skb_list	qca_cld3_adrastea.ko
0xd5f1b616	netif_rx	ipam.ko,qca_cld3_adrastea.ko,rmnet_core.ko...
0x95f5e5c9	netif_rx_ni	cfg80211.ko,ipam.ko,qca_cld3_adrastea.ko...
0x1b84f7e8	netif_schedule_queue	qca_cld3_adrastea.ko,rmnet_core.ko
0x0745bc5d	netif_tx_stop_all_queues	qca_cld3_adrastea.ko,wil6210.ko
0x173f487c	netif_tx_wake_queue	ipam.ko,mhi_dev_netdev.ko,qca_cld3_adrastea.ko...
0x7bd495a1	netlink_broadcast	cfg80211.ko,cnss2.ko,icnss2.ko...
0xd698874e	netlink_kernel_release	goodix_fod.ko,qca_cld3_adrastea.ko
0xfa599bb2	netlink_register_notifier	cfg80211.ko
0xea07a34a	netlink_unicast	cfg80211.ko,goodix_fod.ko,msm_sysstats.ko...
0xdf54a8f7	netlink_unregister_notifier	cfg80211.ko
0xcd279169	nla_find	cfg80211.ko,msm_sysstats.ko
0xf1db1704	nla_memcpy	cfg80211.ko,qca_cld3_adrastea.ko,rmnet_aps.ko...
0xcf65aa3a	nla_put	cfg80211.ko,cnss2.ko,icnss2.ko...
0x269a7faf	nla_put_64bit	cfg80211.ko,qca_cld3_adrastea.ko,wil6210.ko
0x96c6101e	nla_reserve	cfg80211.ko,msm_sysstats.ko
0x350be1a7	nla_reserve_64bit	msm_sysstats.ko
0x6b640864	nla_strlcpy	qca_cld3_adrastea.ko
0xb8888b15	no_llseek	aw882xx_dlkm.ko,coresight-tmc.ko,dcc_v2.ko...
0x1ab4577d	nonseekable_open	coresight-tmc.ko,goodix_fod.ko,sg.ko...
0x7e047286	notify_oneshot_sensor	focaltech_3683g.ko,goodix_core.ko
0x017de3d5	nr_cpu_ids	core_hang_detect.ko,coresight.ko,cpu_hotplug.ko...
0x215054f8	nr_ipi_get	qcom_wdt_core.ko
0xcdca3691	nr_irqs	qcom_wdt_core.ko
0xf3adccc5	ns_capable	ipam.ko
0x1e1e140e	ns_to_timespec64	camera.ko,rmnet_shs.ko
0xffae8e8b	nsecs_to_jiffies	msm_drm.ko
0x75dea444	nvmem_cell_get	adsp_loader_dlkm.ko,bcl_pmic5.ko,machine_dlkm.ko...
0x85540ebc	nvmem_cell_put	adsp_loader_dlkm.ko,bcl_pmic5.ko,machine_dlkm.ko...
0x99f018c4	nvmem_cell_read	adsp_loader_dlkm.ko,bcl_pmic5.ko,machine_dlkm.ko...
0x475f10e8	nvmem_cell_read_u32	msm_kgsl.ko
0x202d4ed6	nvmem_cell_write	qcom-hv-haptics.ko,qcom-reboot-reason.ko
0xc697b0f7	nvmem_device_read	pmic-pon-log.ko,pwm-qti-lpg.ko,qcom-hv-haptics.ko
0x3866e217	nvmem_device_write	leds-qti-tri-led.ko,pwm-qti-lpg.ko,qcom-hv-haptics.ko
0x3969424e	nvmem_register	mtd.ko
0xcc39c03e	nvmem_unregister	mtd.ko
0xf6ceff9a	of_address_to_resource	camera.ko,coresight-funnel.ko,coresight-stm.ko...
0x5110cd07	of_alias_get_id	msm_geni_serial.ko,sdhci-msm.ko,snd-usb-audio-qmi.ko...
0x15fa1632	of_bcm_voter_get	icc-rpmh.ko
0x0aee90bd	of_clk_add_hw_provider	qcom_aoss.ko
0x2ceb7ac0	of_clk_add_provider	clk-dummy.ko,msm_drm.ko,wcd9xxx_dlkm.ko
0x0879a6f7	of_clk_del_provider	clk-dummy.ko,qcom_aoss.ko
0x0aaa2cff	of_clk_get_from_provider	camera.ko
0xd03f2be3	of_clk_get_parent_name	clk-spmi-pmic-div.ko
0x3c247ec4	of_clk_hw_simple_get	qcom_aoss.ko
0x50eb7fa5	of_clk_src_onecell_get	msm_drm.ko,wcd9xxx_dlkm.ko
0xb4c76b57	of_clk_src_simple_get	clk-dummy.ko
0x39846f3f	of_count_phandle_with_args	camera.ko,clk-qcom.ko,core_hang_detect.ko...
0x032d03c7	of_cpu_node_to_id	core_hang_detect.ko,coresight-cti.ko,coresight.ko
0x13699fd2	of_cpufreq_cooling_register	qcom-cpufreq-hw.ko
0xef19ce8b	of_devfreq_cooling_register	msm_kgsl.ko
0x882c7dd6	of_device_get_match_data	arm_smmu.ko,btpower.ko,bwmon.ko...
0x5cf87584	of_device_is_available	cnss2.ko,cnss_nl.ko,cnss_plat_ipc_qmi_svc.ko...
0xef4b763b	of_device_is_compatible	arm_smmu.ko,camera.ko,coresight-cti.ko...
0x249f8b64	of_device_uevent_modalias	gpr_dlkm.ko
0x0f8fb341	of_dma_configure_id	msm_kgsl.ko,qcom_dma_heaps.ko
0x21769085	of_dma_controller_free	bam_dma.ko,gpi.ko
0x4e79778d	of_dma_controller_register	bam_dma.ko,gpi.ko
0x320639c8	of_dma_is_coherent	arm_smmu.ko,msm_video.ko
0xbf804d44	of_drm_find_bridge	msm_drm.ko
0x811d02d4	of_drm_find_panel	focaltech_3683g.ko,focaltech_fts.ko,goodix_core.ko...
0x65f9af5a	of_find_compatible_node	boot_stats.ko,gh_rm_drv.ko,hdcp.ko...
0xc345cc0d	of_find_device_by_node	altmode-glink.ko,camera.ko,clk-qcom.ko...
0x1a31f223	of_find_i2c_device_by_node	fsa4480-i2c.ko
0x54cf30ec	of_find_matching_node_and_match	cnss2.ko,msm_kgsl.ko
0x87f6e3eb	of_find_node_by_name	bcl_pmic5.ko,camera.ko,cnss2.ko...
0x88582d55	of_find_node_by_phandle	clk-qcom.ko,qcom_esoc.ko
0x986f7ca8	of_find_node_opts_by_path	camera.ko,clk-qcom.ko,gh_ctrl.ko...
0xea08eb76	of_find_node_with_property	cnss2.ko,cnss_nl.ko,cnss_plat_ipc_qmi_svc.ko...
0x6ca7c29e	of_find_property	adsp_loader_dlkm.ko,arm_smmu.ko,audpkt_ion_dlkm.ko...
0x736f884a	of_fwnode_ops	coresight-cti.ko,coresight-funnel.ko,coresight-replicator.ko...
0x69f4a577	of_genpd_add_provider_onecell	clk-qcom.ko,qcom_aoss.ko
0xfe1697e7	of_genpd_add_provider_simple	msm_drm.ko
0x93cedffd	of_genpd_del_provider	clk-qcom.ko,msm_drm.ko,qcom_aoss.ko
0xa1e98370	of_get_address	bcl_pmic5.ko,boot_stats.ko,icnss2.ko...
0xb0ee738d	of_get_child_by_name	camera.ko,clk-qcom.ko,coresight.ko...
0xb4ad69e2	of_get_coresight_csr_name	coresight-hwevent.ko,coresight-tmc.ko
0x989b9369	of_get_cpu_node	qcom-cpufreq-hw.ko,sched-walt.ko
0x982b7d12	of_get_named_gpio_flags	aw882xx_dlkm.ko,btpower.ko,camera.ko...
0x659b3c35	of_get_next_available_child	camera.ko,cpu_hotplug.ko,dcc_v2.ko...
0x69601c70	of_get_next_child	glink_pkt.ko,gpr_dlkm.ko,leds-aw2016.ko...
0x6172fe2a	of_get_next_parent	coresight.ko
0xf7c453f0	of_get_parent	camera.ko,hdmi_dlkm.ko
0xad0a8a5a	of_get_property	arm_smmu.ko,btpower.ko,camera.ko...
0xc2a96c0e	of_get_regulator_init_data	gdsc-regulator.ko,qcom_pm8008-regulator.ko,qpnp-amoled-regulator.ko...
0xd5fb2027	of_graph_get_next_endpoint	coresight.ko,msm_drm.ko
0xbdaf7c1a	of_graph_get_port_parent	coresight.ko
0xa6a990cd	of_graph_get_remote_endpoint	coresight.ko
0xf87243b6	of_graph_get_remote_node	msm_drm.ko
0xb66e8bc3	of_graph_get_remote_port_parent	msm_drm.ko
0x5e65b7ac	of_graph_is_present	coresight.ko
0x46c3b5de	of_graph_parse_endpoint	coresight.ko,msm_drm.ko
0x32d9b70e	of_hwspin_lock_get_id	smem.ko
0xcdb16f62	of_icc_get	clk-qcom.ko,cnss2.ko,ddr_cdev.ko...
0x201327c0	of_icc_xlate_onecell	icc-rpmh.ko
0xdc33c5a9	of_iomap	boot_stats.ko,memory_dump_v2.ko,qcom-dload-mode.ko...
0xe3ed0c5e	of_irq_find_parent	gh_rm_drv.ko,pinctrl-spmi-gpio.ko,qcom-pdc.ko
0x49a88480	of_irq_get	dwc3-msm.ko,qcom-cpufreq-hw.ko,qcom_glink.ko
0x5f25b6cc	of_irq_get_byname	coresight-tmc.ko,icnss2.ko,ipam.ko...
0x938664fb	of_irq_parse_one	pci-msm-drv.ko
0x7576a4d9	of_match_device	arm_smmu.ko,camera.ko,cnss2.ko...
0x488eb4e2	of_match_node	bam_dma.ko,camera.ko,goodix_core.ko...
0xc07c15a1	of_modalias_node	swr_dlkm.ko
0xc298fad8	of_n_addr_cells	mem-offline.ko,ofpart.ko,qcom_iommu_util.ko
0x29ba86d8	of_n_size_cells	mem-offline.ko,ofpart.ko,qcom_iommu_util.ko
0x841c2a67	of_node_name_eq	coresight-cti.ko,coresight.ko,msm_drm.ko
0x79746f10	of_parse_phandle	arm_smmu.ko,btpower.ko,bwmon.ko...
0x3cbbcd88	of_parse_phandle_with_args	altmode-glink.ko,audpkt_ion_dlkm.ko,camera.ko...
0xd01477fb	of_parse_phandle_with_fixed_args	core_hang_detect.ko,gdsc-regulator.ko,qcom-cpufreq-hw-debug.ko
0x1d3d2daf	of_phandle_iterator_init	msm_drm.ko,qti_cpufreq_cdev.ko,thermal_pause.ko
0x6a7d162c	of_phandle_iterator_next	msm_drm.ko,qti_cpufreq_cdev.ko,thermal_pause.ko
0xdbfe23c4	of_phy_simple_xlate	phy-qcom-ufs.ko
0xb9760960	of_platform_depopulate	dwc3-msm.ko,lpass_cdc_dlkm.ko,msm_drm.ko...
0x86deb86d	of_platform_device_create	msm_drm.ko,qcom_dma_heaps.ko
0x5a383201	of_platform_populate	arm_smmu.ko,cdsprm.ko,dwc3-msm.ko...
0x1c9248ef	of_prop_next_string	arm_smmu.ko,msm_drm.ko,msm_kgsl.ko...
0x7043d2c8	of_prop_next_u32	cfg80211.ko,clk-qcom.ko,msm_drm.ko...
0x5f9e9913	of_property_count_elems_of_size	arm_smmu.ko,camera.ko,cdsprm.ko...
0x3ccde25c	of_property_match_string	arm_smmu.ko,camera.ko,dwc3-msm.ko...
0x9cf0dacc	of_property_read_string	adsp_loader_dlkm.ko,arm_smmu.ko,aw882xx_dlkm.ko...
0x7c02aadb	of_property_read_string_helper	adsp_loader_dlkm.ko,arm_smmu.ko,btpower.ko...
0xa8a4448c	of_property_read_u32_index	camera.ko,cdsprm.ko,frpc-adsprpc.ko...
0xac8a155e	of_property_read_u64	audpkt_ion_dlkm.ko,camera.ko,msm_drm.ko...
0x53b92773	of_property_read_u64_index	gh_msgq.ko
0xc8b2ce3e	of_property_read_variable_u16_array	msm_drm.ko,qpnp-lcdb-regulator.ko
0xfec2174f	of_property_read_variable_u32_array	adsp_loader_dlkm.ko,arm_smmu.ko,audpkt_ion_dlkm.ko...
0x64cd05cd	of_property_read_variable_u8_array	camera.ko,ir-spi.ko,msm_drm.ko...
0xf2ef8420	of_register_swr_devices	swr_ctrl_dlkm.ko
0x43c31ab3	of_reserved_mem_device_init_by_idx	cnss2.ko,frpc-adsprpc.ko,memory_dump_v2.ko...
0x9d408f9c	of_reserved_mem_device_release	frpc-adsprpc.ko,msm_memshare.ko,qcom_dma_heaps.ko
0xea5339e4	of_reserved_mem_lookup	cmd-db.ko,minidump.ko,qcom_dma_heaps.ko...
0x0fdee4fc	of_root	mem-offline.ko
0x6465e0b6	of_slim_get_device	slim-qcom-ngd-ctrl.ko
0x53e6fe5a	of_thermal_get_ntrips	qcom-spmi-temp-alarm.ko
0xaeda21a1	of_thermal_get_trip_points	qcom-spmi-temp-alarm.ko
0x4755a2c2	of_thermal_is_trip_valid	qcom-spmi-temp-alarm.ko
0x36f6c2b3	of_translate_address	icnss2.ko
0xb1c3a01a	oops_in_progress	msm_geni_serial.ko
0x8b618d08	overflowuid	msm_sysstats.ko
0xc1589897	page_endio	zram.ko
0x03b7f78f	page_mapping	zsmalloc.ko
0x85881243	panel_event_notification_trigger	msm_drm.ko
0xc649b0eb	panel_event_notifier_register	focaltech_3683g.ko,focaltech_fts.ko,goodix_core.ko...
0xa138dda0	panel_event_notifier_unregister	focaltech_3683g.ko,focaltech_fts.ko,goodix_core.ko...
0xf1e046cc	panic	cnss2.ko,hung_task_enh.ko,mdt_loader.ko...
0x07ceeac9	panic_notifier_list	cnss2.ko,dwc3-msm.ko,i2c-msm-geni.ko...
0x1f8544b8	panic_timeout	qcom_wdt_core.ko
0xaf81f891	param_array_ops	camera.ko,rmnet_aps.ko,rmnet_offload.ko...
0x32a1a2ea	param_get_int	eud.ko,qca_cld3_adrastea.ko,qcom-dload-mode.ko
0x70a9293c	param_get_string	qca_cld3_adrastea.ko
0x1610bd2a	param_get_uint	wil6210.ko
0x40f5c011	param_get_ullong	rmnet_offload.ko
0x65671f08	param_ops_bool	arm_smmu.ko,cfg80211.ko,mem-offline.ko...
0xd1a4e093	param_ops_byte	wil6210.ko
0xd2728bc0	param_ops_charp	cfg80211.ko,msm_drm.ko,qca_cld3_adrastea.ko...
0xd8339549	param_ops_int	arm_smmu.ko,audio_pkt_dlkm.ko,camera.ko...
0x68c84b24	param_ops_string	msm_drm.ko,mtdoops.ko
0x1115f928	param_ops_uint	camera.ko,dwc3-msm.ko,hwid.ko...
0x1e2688d7	param_ops_ullong	camera.ko,rmnet_offload.ko,rmnet_shs.ko...
0x021d6537	param_ops_ulong	mtdoops.ko,rmnet_shs.ko
0x6df585df	param_ops_ushort	wil6210.ko
0x1d22e87b	param_set_bool	qcom-dload-mode.ko,qpnp-power-on.ko
0xcb03153c	param_set_copystring	qca_cld3_adrastea.ko
0xf57c7707	param_set_int	qca_cld3_adrastea.ko
0xa500aaf3	param_set_uint	wil6210.ko
0xc1f3509f	pause_cpus	sched-walt.ko
0x821e0032	pci_aer_clear_nonfatal_status	pci-msm-drv.ko
0x0f938cef	pci_alloc_irq_vectors_affinity	cnss2.ko,wil6210.ko
0x042acf12	pci_assign_resource	cnss2.ko
0x79d28f49	pci_bus_type	arm_smmu.ko,qcom_iommu_util.ko
0xf04038f9	pci_clear_master	cnss2.ko,ipam.ko,wil6210.ko
0x3145216f	pci_dev_present	cnss2.ko
0x97e58f38	pci_dev_put	msm_11ad_proxy.ko
0x2998069f	pci_device_group	arm_smmu.ko
0xbba71ba0	pci_device_is_present	pci-msm-drv.ko
0x6469305c	pci_disable_device	cnss2.ko,ipam.ko,msm_11ad_proxy.ko...
0x28d3798b	pci_disable_msi	wil6210.ko
0xb1a30925	pci_enable_device	cnss2.ko,ipam.ko,msm_11ad_proxy.ko...
0xabe0d4af	pci_enable_msi	wil6210.ko
0xbbdddf5f	pci_enable_pcie_error_reporting	pci-msm-drv.ko
0xcb4ab315	pci_find_ext_capability	pci-msm-drv.ko
0x7631967b	pci_free_irq_vectors	cnss2.ko,wil6210.ko
0xc2bd87e4	pci_get_device	msm_11ad_proxy.ko,pci-msm-drv.ko
0xf6af64d0	pci_get_domain_bus_and_slot	pci-msm-drv.ko
0x84d504d8	pci_host_probe	pci-msm-drv.ko
0xca9282f8	pci_iomap	cnss2.ko
0xaa884900	pci_ioremap_bar	wil6210.ko
0xa75dc53e	pci_irq_vector	cnss2.ko
0x1322500d	pci_load_and_free_saved_state	cnss2.ko,pci-msm-drv.ko
0xa1ffe003	pci_load_saved_state	cnss2.ko,msm_11ad_proxy.ko,pci-msm-drv.ko
0xa7c664da	pci_msi_create_irq_domain	pci-msm-drv.ko
0x724a9927	pci_msi_mask_irq	pci-msm-drv.ko
0x43eb9092	pci_msi_unmask_irq	pci-msm-drv.ko
0x4412c58e	pci_read_config_dword	cnss2.ko,pci-msm-drv.ko,qca_cld3_adrastea.ko
0xf5e7ab97	pci_read_config_word	cnss2.ko,pci-msm-drv.ko,qca_cld3_adrastea.ko
0xa601473c	pci_release_region	cnss2.ko,ipam.ko,wil6210.ko
0xb402a5da	pci_remove_root_bus	pci-msm-drv.ko
0xdb6d818c	pci_request_region	cnss2.ko,ipam.ko,wil6210.ko
0xb598e3ff	pci_restore_state	cnss2.ko,msm_11ad_proxy.ko,pci-msm-drv.ko
0x2af8eaa1	pci_save_state	cnss2.ko,msm_11ad_proxy.ko,pci-msm-drv.ko
0xfba39625	pci_set_master	cnss2.ko,ipam.ko,msm_11ad_proxy.ko...
0x48cb85bc	pci_set_power_state	cnss2.ko,msm_11ad_proxy.ko,wil6210.ko
0xfce1d90e	pci_stop_root_bus	pci-msm-drv.ko
0x7180a796	pci_store_saved_state	cnss2.ko,msm_11ad_proxy.ko,pci-msm-drv.ko
0x5dfbed4e	pci_unregister_driver	cnss2.ko,wil6210.ko
0x67b5b133	pci_walk_bus	pci-msm-drv.ko
0x8674517b	pci_write_config_dword	pci-msm-drv.ko,qca_cld3_adrastea.ko
0x78a30ae3	pci_write_config_word	pci-msm-drv.ko,qca_cld3_adrastea.ko
0x5085be7d	pcie_capability_clear_and_set_word	pci-msm-drv.ko
0x3eb65cf5	pcie_capability_read_word	cnss2.ko,pci-msm-drv.ko
0xe7b9a65d	pcpu_nr_pages	minidump.ko
0xfb24a559	PDE_DATA	focaltech_3683g.ko,goodix_core.ko,msm_drm.ko...
0x432975e6	pdr_add_lookup	frpc-adsprpc.ko,icnss2.ko,pmic_glink.ko...
0x47b2ed49	pdr_handle_alloc	frpc-adsprpc.ko,icnss2.ko,pmic_glink.ko...
0xf618ca5b	pdr_handle_release	icnss2.ko,pmic_glink.ko,q6_pdr_dlkm.ko...
0x1c76ea4d	pdr_restart_pd	icnss2.ko
0x55ffab3b	per_cpu_ptr_to_phys	minidump.ko
0x4e969fd8	perf_aux_output_begin	coresight.ko
0x72164fc7	perf_aux_output_end	coresight.ko
0xb98c74f8	perf_aux_output_flag	coresight-tmc.ko,coresight.ko
0xbcfefbf3	perf_event_create_kernel_counter	qcom-pmu-lib.ko
0x085a0bc8	perf_event_enable	qcom-pmu-lib.ko
0x5bc0d13f	perf_event_read_local	qcom-pmu-lib.ko
0xb51778a4	perf_event_read_value	qcom-pmu-lib.ko
0x4ec8ccb5	perf_event_release_kernel	qcom-pmu-lib.ko
0x35a5c4c0	perf_get_aux	coresight-tmc.ko,coresight.ko
0xf12439e8	perf_pmu_register	coresight.ko
0x89615988	perf_pmu_unregister	coresight.ko
0xcb8a6e1b	perf_trace_buf_alloc	arm_smmu.ko,camera.ko,cfg80211.ko...
0x707d45e8	perf_trace_run_bpf_submit	arm_smmu.ko,camera.ko,cfg80211.ko...
0x51e77c97	pfn_valid	cnss_prealloc.ko,mem-offline.ko,qcom_dma_heaps.ko
0x245c4ecc	phy_calibrate	ufs_qcom.ko
0xe2da3166	phy_connect	asix.ko
0x6f3a06f6	phy_disconnect	asix.ko
0xe354f3c6	phy_do_ioctl_running	asix.ko
0x3e5b0b20	phy_ethtool_get_link_ksettings	asix.ko
0xc58be57e	phy_ethtool_nway_reset	asix.ko
0x2dd56a0d	phy_ethtool_set_link_ksettings	asix.ko
0xbe6258c9	phy_exit	ufs_qcom.ko
0x0d205b9f	phy_init	ufs_qcom.ko
0x6519705f	phy_power_off	ufs_qcom.ko
0x64f807eb	phy_power_on	ufs_qcom.ko
0x4cce626f	phy_print_status	asix.ko
0x868cdea1	phy_set_mode_ext	ufs_qcom.ko
0x8631fc73	phy_start	asix.ko
0xd0c797e6	phy_stop	asix.ko
0x35b52d6e	pick_highest_pushable_task	sched-walt.ko
0x28c9cce6	pid_nr_ns	msm_sysstats.ko
0x952c2df7	pid_task	msm_sysstats.ko
0xd416862e	pinconf_generic_dt_node_to_map	pinctrl-msm.ko,pinctrl-spmi-gpio.ko,pinctrl-spmi-mpp.ko...
0x32d6f0c8	pinctrl_dev_get_drvdata	pinctrl-msm.ko,pinctrl-spmi-gpio.ko,pinctrl-spmi-mpp.ko
0x78482619	pinctrl_force_default	pinctrl-msm.ko
0x78021c3c	pinctrl_force_sleep	pinctrl-msm.ko
0x79a35362	pinctrl_lookup_state	camera.ko,cnss2.ko,coresight-cti.ko...
0xf6efcbc6	pinctrl_pm_select_default_state	sdhci-msm.ko
0xd4f76d59	pinctrl_pm_select_sleep_state	sdhci-msm.ko
0x5c39520d	pinctrl_select_state	camera.ko,cnss2.ko,coresight-cti.ko...
0x6c1359a7	pinctrl_utils_free_map	pinctrl-msm.ko,pinctrl-spmi-gpio.ko,pinctrl-spmi-mpp.ko...
0xb1454ef1	platform_bus_type	arm_smmu.ko,camera.ko,coresight.ko...
0x04e90e03	platform_device_add	lpass_cdc_dlkm.ko,lpass_cdc_rx_macro_dlkm.ko,lpass_cdc_va_macro_dlkm.ko...
0x5f971f77	platform_device_add_data	lpass_cdc_rx_macro_dlkm.ko,lpass_cdc_va_macro_dlkm.ko,lpass_cdc_wsa2_macro_dlkm.ko...
0xf477c34f	platform_device_alloc	lpass_cdc_dlkm.ko,lpass_cdc_rx_macro_dlkm.ko,lpass_cdc_va_macro_dlkm.ko...
0xe2e7afd8	platform_device_put	dwc3-msm.ko,lpass_cdc_dlkm.ko,lpass_cdc_rx_macro_dlkm.ko...
0xcbfe80e4	platform_device_register	goodix_core.ko
0x9862a92d	platform_device_register_full	cfg80211.ko,phy-generic.ko,smem.ko
0x0e8a28de	platform_device_unregister	cfg80211.ko,goodix_core.ko,lpass_cdc_rx_macro_dlkm.ko...
0x329d9ae3	platform_driver_unregister	adsp_loader_dlkm.ko,altmode-glink.ko,arm_smmu.ko...
0xaf189c2c	platform_get_irq	arm_smmu.ko,bam_dma.ko,bwmon.ko...
0x2003709b	platform_get_irq_byname	bcl_pmic5.ko,dwc3-msm.ko,eud.ko...
0x2e29445c	platform_get_resource	arm_smmu.ko,bam_dma.ko,clk-qcom.ko...
0xc06cf568	platform_get_resource_byname	arm_smmu.ko,bam_dma.ko,bwmon.ko...
0xc7fda62f	platform_irq_count	pinctrl-spmi-mpp.ko
0x6d11ee67	platform_msi_domain_alloc_irqs	gsim.ko
0xebf6e58b	platform_msi_domain_free_irqs	gsim.ko
0xbde959ec	pm_clk_add	clk-qcom.ko
0xe449fa38	pm_clk_create	clk-qcom.ko
0x78eb2755	pm_clk_destroy	clk-qcom.ko
0x6a180e54	pm_clk_resume	clk-qcom.ko
0xbcbe18d0	pm_clk_suspend	clk-qcom.ko
0x87c2e299	pm_generic_resume	swr_dlkm.ko
0x6415749c	pm_generic_suspend	swr_dlkm.ko
0x38926692	pm_genpd_add_subdomain	clk-qcom.ko
0xcb6cd872	pm_genpd_init	clk-qcom.ko,msm_drm.ko,qcom_aoss.ko
0x98d80b88	pm_genpd_remove	msm_drm.ko,qcom_aoss.ko
0xcac56fb4	pm_genpd_remove_subdomain	clk-qcom.ko
0x60a32ea9	pm_power_off	pinctrl-msm.ko
0x0612dbe2	pm_relax	cnss2.ko,dwc3-msm.ko,fsa4480-i2c.ko...
0x687add72	pm_runtime_allow	dwc3-msm.ko,icnss2.ko,msm_geni_serial.ko...
0x0f861955	pm_runtime_autosuspend_expiration	swr_ctrl_dlkm.ko
0x405636ce	pm_runtime_barrier	dwc3-msm.ko,snd-usb-audio-qmi.ko
0x8081ce78	pm_runtime_enable	arm_smmu.ko,bam_dma.ko,clk-qcom.ko...
0xacaaadd3	pm_runtime_forbid	icnss2.ko,msm_geni_serial.ko,stm_core.ko...
0xed52c306	pm_runtime_force_resume	bam_dma.ko,camcc-parrot.ko,camcc-ravelin.ko...
0xd69360d3	pm_runtime_force_suspend	arm_smmu.ko,bam_dma.ko,camcc-parrot.ko...
0x4eeda700	pm_runtime_irq_safe	bam_dma.ko
0x88e96c0d	pm_runtime_no_callbacks	phy-qcom-ufs.ko,stm_core.ko,usb_bam.ko
0x5b0864e7	pm_runtime_set_autosuspend_delay	arm_smmu.ko,bam_dma.ko,dwc3-msm.ko...
0x4049c76e	pm_stay_awake	cnss2.ko,dwc3-msm.ko,fsa4480-i2c.ko...
0x42635d55	pm_suspend_global_flags	qcom_tsens.ko
0x8c0215f2	pm_system_wakeup	cnss2.ko,qca_cld3_adrastea.ko,qcom_glink.ko
0xe423af8f	pm_wakeup_dev_event	dwc3-msm.ko,mhi.ko,mhi_dev_uci.ko...
0x73a3fdbe	pm_wakeup_ws_event	cnss2.ko,frpc-adsprpc.ko,goodix_fod.ko...
0x1c59acc7	pmic_glink_register_client	altmode-glink.ko,qti_battery_charger_main.ko,qti_battery_debug.ko...
0x56e3edd9	pmic_glink_unregister_client	altmode-glink.ko,qti_battery_charger_main.ko,qti_battery_debug.ko...
0x5a5edc5c	pmic_glink_write	altmode-glink.ko,qti_battery_charger_main.ko,qti_battery_debug.ko...
0x886d3ed1	power_supply_changed	qti_battery_charger_main.ko
0x0175ced1	power_supply_get_by_name	aw882xx_dlkm.ko,bcl_soc.ko,dwc3-msm.ko...
0xbbfcc83e	power_supply_get_drvdata	qti_battery_charger_main.ko
0xbb72d6b4	power_supply_get_property	aw882xx_dlkm.ko,bcl_soc.ko,dwc3-msm.ko...
0xa5939272	power_supply_put	eud.ko,phy-msm-snps-hs.ko,qti_battery_charger_main.ko
0x136209db	power_supply_reg_notifier	bcl_soc.ko,mi_thermal_interface.ko
0x7f689a84	power_supply_set_property	eud.ko,phy-msm-snps-hs.ko
0x6b81c38b	power_supply_unreg_notifier	bcl_soc.ko,leds-qpnp-flash-v2.ko
0xfda9581f	prandom_u32	mhi.ko
0x43b0c9c3	preempt_schedule	frpc-adsprpc.ko,ipa_clientsm.ko,ipam.ko...
0xf70e4a4d	preempt_schedule_notrace	arm_smmu.ko,bwmon.ko,camera.ko...
0x8c26d495	prepare_to_wait_event	audio_pkt_dlkm.ko,audio_prm_dlkm.ko,camera.ko...
0x167c5967	print_hex_dump	msm_drm.ko,phy-qcom-ufs.ko,qca_cld3_adrastea.ko...
0xc5850110	printk	adsp_loader_dlkm.ko,altmode-glink.ko,arm_smmu.ko...
0xd98307f5	printk_deferred	sched-walt.ko
0x20fd21c6	proc_create	focaltech_fts.ko,nt36xxx-i2c.ko,nt36xxx-spi.ko...
0xa79bc746	proc_create_data	focaltech_3683g.ko,goodix_core.ko,msm_drm.ko...
0x2df477d3	proc_create_single_data	mtd.ko
0xa8181adf	proc_dointvec	hung_task_enh.ko,qca_cld3_adrastea.ko,sched-walt.ko
0x2cdf87a1	proc_dointvec_minmax	hung_task_enh.ko,sched-walt.ko
0x319d493d	proc_dostring	sched-walt.ko
0x638aff11	proc_douintvec_minmax	sched-walt.ko
0x18c67997	proc_mkdir	focaltech_3683g.ko,goodix_core.ko,msm_drm.ko...
0x3650068f	proc_remove	focaltech_3683g.ko,focaltech_fts.ko,msm_drm.ko
0xcccf4a5e	proc_set_user	rmnet_shs.ko
0x314ecc84	proto_register	qrtr.ko
0xe01c15f3	proto_unregister	qrtr.ko
0x691a1d84	pskb_expand_head	ax88179_178a.ko,qca_cld3_adrastea.ko,rmnet_core.ko...
0xbc44cef7	put_device	arm_smmu.ko,audpkt_ion_dlkm.ko,camera.ko...
0x512d04f5	put_disk	mtd_blkdevs.ko,sg.ko,zram.ko
0xb75aa2d6	put_iova_domain	qcom_iommu_util.ko
0x228a95ed	put_pid	msm_kgsl.ko
0x5ec4aee6	put_sg_io_hdr	sg.ko
0x3f4547a7	put_unused_fd	msm_drm.ko,msm_kgsl.ko,msm_video.ko...
0xbd6f03f7	putback_movable_pages	mem-offline.ko
0x340b36c6	pwm_apply_state	leds-qti-tri-led.ko,msm_drm.ko
0xfa8d80c7	pwmchip_add	pwm-qti-lpg.ko
0x7f033cef	pwmchip_remove	pwm-qti-lpg.ko
0xdb2fca2a	pwrkey_irq_notifier_list	mtdoops.ko
0x4462e04e	qce_ablk_cipher_req	qcedev-mod.ko
0x575c81e1	qce_close	qcedev-mod.ko
0x81a61e31	qce_disable_clk	qcedev-mod.ko
0x0d26f8cb	qce_enable_clk	qcedev-mod.ko
0x7e4c4355	qce_get_crypto_status	qcedev-mod.ko
0x46a7cef5	qce_hw_support	qcedev-mod.ko
0x0e30ff3f	qce_manage_timeout	qcedev-mod.ko
0xb7f0d8f2	qce_open	qcedev-mod.ko
0xccf2c8be	qce_process_sha_req	qcedev-mod.ko
0x4fde47cc	qce_set_irqs	qcedev-mod.ko
0xe2aa0591	qcom_adc5_hw_scale	qcom-spmi-adc5.ko
0x31a5f4db	qcom_add_glink_subdev	qcom_q6v5_adsp.ko,qcom_q6v5_pas.ko
0xa23d7470	qcom_add_smd_subdev	qcom_q6v5_pas.ko
0x14b29f0e	qcom_add_ssr_subdev	qcom_q6v5_adsp.ko,qcom_q6v5_pas.ko
0xa948507a	qcom_add_sysmon_subdev	qcom_esoc.ko,qcom_q6v5_adsp.ko,qcom_q6v5_pas.ko
0x191c946b	qcom_alloc_io_pgtable_ops	arm_smmu.ko,msm_kgsl.ko
0x0560aede	qcom_cc_map	camcc-parrot.ko,camcc-ravelin.ko,dispcc-parrot.ko...
0xbbcc713e	qcom_cc_really_probe	camcc-parrot.ko,camcc-ravelin.ko,dispcc-parrot.ko...
0x55db9348	qcom_cc_register_rcg_dfs	gcc-parrot.ko,gcc-ravelin.ko
0x5c60e290	qcom_cc_runtime_init	camcc-parrot.ko,camcc-ravelin.ko,dispcc-parrot.ko...
0xcacf8321	qcom_cc_runtime_resume	camcc-parrot.ko,camcc-ravelin.ko,dispcc-parrot.ko...
0x13b7ed84	qcom_cc_runtime_suspend	camcc-parrot.ko,camcc-ravelin.ko,dispcc-parrot.ko...
0x619a223c	qcom_cc_sync_state	camcc-parrot.ko,camcc-ravelin.ko,dispcc-parrot.ko...
0xa9a939b7	qcom_clk_dump	camera.ko,msm_kgsl.ko,pci-msm-drv.ko
0x2e5a6763	qcom_clk_get_voltage	msm-mmrm.ko
0x808a7fdf	qcom_clk_set_flags	dwc3-msm.ko,msm_kgsl.ko,sdhci-msm.ko...
0xb6dda057	qcom_cpufreq_get_cpu_cycle_counter	sched-walt.ko
0x22c047f2	qcom_create_ramdump_device	qcom_q6v5_pas.ko
0xf8ed3ae0	qcom_dcvs_get_ddr_child_node	memlat.ko
0xeb65b1b1	qcom_dcvs_hw_minmax_get	bwmon.ko,dcvs_boost.ko,msm_kgsl.ko
0x31b9cda5	qcom_dcvs_kobject_get	bwmon.ko,memlat.ko
0x425e7e2c	qcom_dcvs_register_voter	bwmon.ko,dcvs_boost.ko,memlat.ko...
0x27547f87	qcom_dcvs_unregister_voter	msm_kgsl.ko
0xdef933ab	qcom_dcvs_update_votes	bwmon.ko,dcvs_boost.ko,memlat.ko...
0x16b6cbc9	qcom_destroy_ramdump_device	qcom_q6v5_pas.ko
0x800704bd	qcom_device_shutdown_in_progress	pdr_interface.ko,qcom_sysmon.ko
0x0a97a9bd	qcom_dma_iommu_is_ready	arm_smmu.ko
0x8712782c	qcom_dump	cnss2.ko,icnss2.ko,microdump_collector.ko
0x4f464391	qcom_elf_dump	cnss2.ko,frpc-adsprpc.ko
0xa5ccf378	qcom_free_io_pgtable_ops	arm_smmu.ko,msm_kgsl.ko
0xade3e7e8	qcom_get_cpucp_id	memlat.ko
0x2e272328	qcom_get_scm_device	mdt_loader.ko
0xf70aabd6	qcom_glink_early_ssr_notify	rproc_qcom_common.ko
0x943635f9	qcom_glink_is_wakeup	qrtr-smd.ko
0x874ce575	qcom_glink_native_probe	qcom_glink_smem.ko
0x149236da	qcom_glink_native_remove	qcom_glink_smem.ko
0x44a1e069	qcom_glink_native_start	qcom_glink_smem.ko
0xfd2d5a1d	qcom_glink_native_unregister	qcom_glink_smem.ko
0x39c59f7c	qcom_glink_smem_register	glink_probe.ko,rproc_qcom_common.ko
0x0173aa48	qcom_glink_smem_start	rproc_qcom_common.ko
0x72dd75d9	qcom_glink_smem_unregister	glink_probe.ko,rproc_qcom_common.ko
0xf14f5684	qcom_glink_ssr_notify	rproc_qcom_common.ko
0xb4d88b58	qcom_icc_bcm_voter_add	icc-rpmh.ko
0x3b5d1493	qcom_icc_bcm_voter_clear_init	icc-rpmh.ko
0x0b39b783	qcom_icc_bcm_voter_commit	icc-rpmh.ko
0x1f4951b9	qcom_icc_rpmh_probe	qnoc-parrot.ko,qnoc-ravelin.ko
0x33a7df1e	qcom_icc_rpmh_remove	qnoc-parrot.ko,qnoc-ravelin.ko
0x268d2423	qcom_icc_rpmh_sync_state	qnoc-parrot.ko,qnoc-ravelin.ko
0x81d68d4c	qcom_iommu_generate_resv_regions	arm_smmu.ko
0xd81e393e	qcom_iommu_get_asid_nr	msm_kgsl.ko
0x7ec1877b	qcom_iommu_get_fast_iova_range	arm_smmu.ko
0x8da091b4	qcom_iommu_get_fault_ids	camera.ko
0xf0076fd9	qcom_iommu_sid_switch	msm_drm.ko
0x91ebe8fe	qcom_mdt_free_metadata	qcom_q6v5_pas.ko
0xe8a3861c	qcom_mdt_get_size	camera.ko,msm-cvp.ko,msm-eva.ko...
0xce2ad607	qcom_mdt_load	camera.ko,guestvm_loader.ko,ipam.ko...
0x7200bb88	qcom_mdt_load_no_free	qcom_q6v5_pas.ko
0xaf157ff7	qcom_mdt_load_no_init	qcom_q6v5_adsp.ko
0x533802a6	qcom_minidump	qcom_q6v5_pas.ko
0xee14fdf9	qcom_notify_early_ssr_clients	qcom_q6v5.ko,qcom_sysmon.ko
0x30e58241	qcom_pil_info_store	qcom_q6v5_adsp.ko,qcom_q6v5_pas.ko
0xef11b635	qcom_pil_timeouts_disabled	qcom_q6v5_pas.ko
0x5f238620	qcom_pmu_event_supported	memlat.ko,msm_performance.ko
0x7eb04ed9	qcom_pmu_idle_register	memlat.ko
0xca8c4758	qcom_pmu_read	msm_performance.ko
0xb88bcbd9	qcom_pmu_read_all_local	memlat.ko
0x401d04ba	qcom_q6v5_init	qcom_q6v5_adsp.ko,qcom_q6v5_pas.ko
0xa8401139	qcom_q6v5_panic	qcom_q6v5_adsp.ko,qcom_q6v5_pas.ko
0xcb2d4126	qcom_q6v5_prepare	qcom_q6v5_adsp.ko,qcom_q6v5_pas.ko
0x6aa8daf4	qcom_q6v5_register_ssr_subdev	qcom_q6v5_pas.ko
0x82fc79ce	qcom_q6v5_request_stop	qcom_q6v5_adsp.ko,qcom_q6v5_pas.ko
0x62cf12e6	qcom_q6v5_unprepare	qcom_q6v5_adsp.ko,qcom_q6v5_pas.ko
0x5e049abe	qcom_q6v5_wait_for_start	qcom_q6v5_adsp.ko,qcom_q6v5_pas.ko
0x2b742489	qcom_qnoc4_ops	qnoc-parrot.ko,qnoc-ravelin.ko
0x027dc0ff	qcom_register_dump_segments	qcom_q6v5_adsp.ko
0xc5fb8453	qcom_register_early_ssr_notifier	icnss2.ko,pci-msm-drv.ko
0x0fa538df	qcom_register_ssr_notifier	frpc-adsprpc.ko,icnss2.ko,ipam.ko...
0x205a044d	qcom_remove_glink_subdev	qcom_q6v5_adsp.ko,qcom_q6v5_pas.ko
0x30a2067e	qcom_remove_smd_subdev	qcom_q6v5_pas.ko
0x44bbb4c6	qcom_remove_ssr_subdev	qcom_q6v5_adsp.ko,qcom_q6v5_pas.ko
0xa881c6fc	qcom_remove_sysmon_subdev	qcom_esoc.ko,qcom_q6v5_adsp.ko,qcom_q6v5_pas.ko
0x042b8a05	qcom_scm_assign_dump_table_region	memory_dump_v2.ko
0x192fe500	qcom_scm_assign_mem_regions	secure_buffer.ko
0x170fe239	qcom_scm_camera_protect_phy_lanes	camera.ko
0xb6e7c224	qcom_scm_clear_ice_key	crypto-qti-hwkm.ko
0x48df548b	qcom_scm_config_set_ice_key	crypto-qti-hwkm.ko,sdhci-msm.ko,ufs_qcom.ko
0xc0431727	qcom_scm_dcvs_ca_available	msm_kgsl.ko
0x3ba7797d	qcom_scm_dcvs_core_available	msm_kgsl.ko
0x1deaf3c9	qcom_scm_dcvs_init_ca_v2	msm_kgsl.ko
0x99937451	qcom_scm_dcvs_init_v2	msm_kgsl.ko
0x93bf905f	qcom_scm_dcvs_reset	msm_kgsl.ko
0x5b5c52ab	qcom_scm_dcvs_update	msm_kgsl.ko
0x945bcb2b	qcom_scm_dcvs_update_ca_v2	msm_kgsl.ko
0xb57a87ee	qcom_scm_dcvs_update_v2	msm_kgsl.ko
0x9c4f4292	qcom_scm_derive_raw_secret	crypto-qti-hwkm.ko
0x34a9f581	qcom_scm_disable_sdi	qcom-dload-mode.ko
0x8e1b7c28	qcom_scm_get_sec_dump_state	coresight-tpdm.ko,ipam.ko
0x749b3152	qcom_scm_hibernate_exit	crypto-qti-common.ko
0xfc9ed8c3	qcom_scm_ice_available	sdhci-msm.ko,ufs_qcom.ko
0x1de59c22	qcom_scm_ice_invalidate_key	sdhci-msm.ko,ufs_qcom.ko
0x46af89ee	qcom_scm_invoke_callback_response	smcinvoke_mod.ko
0x6a57beeb	qcom_scm_invoke_smc	smcinvoke_mod.ko
0xd3f11128	qcom_scm_invoke_smc_legacy	smcinvoke_mod.ko
0x4e2e74c1	qcom_scm_io_readl	arm_smmu.ko,camera.ko,core_hang_detect.ko...
0x9a70fd21	qcom_scm_io_reset	msm_kgsl.ko
0x1de67f9b	qcom_scm_io_writel	arm_smmu.ko,camera.ko,core_hang_detect.ko...
0x99094fb2	qcom_scm_is_available	arm_smmu.ko,qcom_q6v5_pas.ko,smcinvoke_mod.ko
0x61b3c1c3	qcom_scm_kgsl_set_smmu_aperture	msm_kgsl.ko
0x63d450ba	qcom_scm_kgsl_set_smmu_lpac_aperture	msm_kgsl.ko
0x51f70c4c	qcom_scm_mem_protect_region_id	ipam.ko
0x8430fbf7	qcom_scm_mem_protect_sd_ctrl	msm_drm.ko
0x8d4112df	qcom_scm_mem_protect_video_var	msm_video.ko
0xdd7e3192	qcom_scm_pas_auth_and_reset	camera.ko,guestvm_loader.ko,ipam.ko...
0x37c173c5	qcom_scm_pas_init_image	mdt_loader.ko
0x5b54903b	qcom_scm_pas_mem_setup	mdt_loader.ko
0xfc52abc7	qcom_scm_pas_shutdown	camera.ko,guestvm_loader.ko,mdt_loader.ko...
0xc1538ee3	qcom_scm_pas_shutdown_retry	mdt_loader.ko,msm_kgsl.ko,qcom_q6v5_pas.ko
0x1e77ab1a	qcom_scm_qseecom_call	qseecom-mod.ko
0xc69fce52	qcom_scm_qsmmu500_wait_safe_toggle	arm_smmu.ko
0xca52834e	qcom_scm_sec_wdog_deactivate	qcom_wdt_core.ko
0x32f7fc6e	qcom_scm_set_download_mode	qcom-dload-mode.ko
0x9b128a66	qcom_scm_set_remote_state	camera.ko,msm-cvp.ko,msm-eva.ko...
0xfae85203	qcom_scm_smmu_notify_secure_lut	camera.ko
0x87c5a0e2	qcom_sg_buf_ops	mem_buf.ko
0x3a632d1e	qcom_smd_register_edge	rproc_qcom_common.ko
0x3330a1c8	qcom_smd_unregister_edge	rproc_qcom_common.ko
0x34b57571	qcom_smem_alloc	ipam.ko,qcom_glink_smem.ko,smp2p.ko
0xeeffa750	qcom_smem_get	ipam.ko,microdump_collector.ko,minidump.ko...
0x5a710273	qcom_smem_get_free_space	qcom_smd.ko
0xc55d87ed	qcom_smem_state_get	icnss2.ko,ipam.ko,qcom_q6v5.ko...
0xb68f5ba8	qcom_smem_state_register	smp2p.ko
0x4561f990	qcom_smem_state_unregister	smp2p.ko
0xf730fb4a	qcom_smem_state_update_bits	icnss2.ko,ipam.ko,qcom_q6v5.ko...
0x9979b76e	qcom_smem_virt_to_phys	ipam.ko
0x7cd95956	qcom_sysmon_get_reason	qcom_esoc.ko
0xb2fae318	qcom_sysmon_get_txn_id	qcom_q6v5_pas.ko
0x56174ceb	qcom_sysmon_register_ssr_subdev	qcom_q6v5_pas.ko
0x1482d168	qcom_sysmon_shutdown_acked	qcom_esoc.ko,qcom_q6v5.ko
0xb2f63518	qcom_unregister_early_ssr_notifier	icnss2.ko
0xd6cc0cc0	qcom_unregister_ssr_notifier	frpc-adsprpc.ko,icnss2.ko,ipam.ko...
0x61d46b31	qcom_wdt_pet_resume	gh_virt_wdt.ko,qcom_soc_wdt.ko
0xd618cd9c	qcom_wdt_pet_suspend	gh_virt_wdt.ko,qcom_soc_wdt.ko
0x5332cd6f	qcom_wdt_register	gh_virt_wdt.ko,qcom_soc_wdt.ko
0x18b20baf	qcom_wdt_remove	gh_virt_wdt.ko,qcom_soc_wdt.ko
0xf6e11446	qmap_encapsulate_skb	rndisipam.ko
0xd51039a3	qmi_add_lookup	cnss2.ko,coresight-remote-etm.ko,icnss2.ko...
0xa1315c00	qmi_add_server	cnss_plat_ipc_qmi_svc.ko,ipam.ko,msm_memshare.ko...
0x7ce1744e	qmi_handle_init	cnss2.ko,cnss_plat_ipc_qmi_svc.ko,coresight-remote-etm.ko...
0x18f77628	qmi_handle_release	cnss2.ko,cnss_plat_ipc_qmi_svc.ko,coresight-remote-etm.ko...
0x21ce5888	qmi_response_type_v01_ei	cnss2.ko,cnss_plat_ipc_qmi_svc.ko,coresight-remote-etm.ko...
0x8a43c967	qmi_rmnet_ps_ind_deregister	rmnet_offload.ko,rmnet_shs.ko
0x7171cf27	qmi_rmnet_ps_ind_register	rmnet_offload.ko,rmnet_shs.ko
0x6dec5965	qmi_send_indication	cnss_plat_ipc_qmi_svc.ko,ipam.ko,snd-usb-audio-qmi.ko
0xe6072919	qmi_send_request	cnss2.ko,coresight-remote-etm.ko,icnss2.ko...
0xa5291341	qmi_send_response	cnss_plat_ipc_qmi_svc.ko,ipam.ko,msm_memshare.ko...
0x3055fc7d	qmi_txn_cancel	cnss2.ko,coresight-remote-etm.ko,icnss2.ko...
0x019a5fd6	qmi_txn_init	cnss2.ko,coresight-remote-etm.ko,icnss2.ko...
0x61f30ef3	qmi_txn_wait	cnss2.ko,coresight-remote-etm.ko,icnss2.ko...
0xa867a843	qmp_get	msm_qmp.ko,qcom_q6v5_pas.ko
0x9e2aa1df	qmp_send	msm_qmp.ko,qcom_q6v5_pas.ko
0xe26cfa75	qpnp_flash_led_prepare	camera.ko
0x02928b49	qpnp_lpg_pwm_get_output_types_supported	leds-qti-tri-led.ko
0x2eab0059	qpnp_lpg_pwm_set_output_type	leds-qti-tri-led.ko
0x02011b88	qpnp_pbs_trigger_event	pwm-qti-lpg.ko
0xc7b5839b	qpnp_pbs_trigger_single_event	qcom-hv-haptics.ko
0x1d143659	qpnp_pon_modem_pwr_off	qcom_esoc.ko
0x906aa662	qrtr_endpoint_post	qrtr-gunyah.ko,qrtr-mhi.ko,qrtr-smd.ko
0x44caa7b6	qrtr_endpoint_register	qrtr-gunyah.ko,qrtr-mhi.ko,qrtr-smd.ko
0xc050819a	qrtr_endpoint_unregister	qrtr-gunyah.ko,qrtr-mhi.ko,qrtr-smd.ko
0x680df8f1	qrtr_peek_pkt_size	qrtr-gunyah.ko
0x3fbd4070	qrtr_print_wakeup_reason	qrtr-smd.ko
0x3eb297e8	qseecom_process_listener_from_smcinvoke	smcinvoke_mod.ko
0x53d35828	qseecom_send_command	hdcp.ko
0x598183f3	qseecom_set_msm_bus_request_from_smcinvoke	smcinvoke_mod.ko
0xd516a511	qseecom_shutdown_app	hdcp.ko
0x802d7623	qseecom_start_app	hdcp.ko
0x79123a12	qtee_shmbridge_allocate_shm	crypto-qti-hwkm.ko,msm_drm.ko,msm_kgsl.ko...
0x5658fa1f	qtee_shmbridge_deregister	memory_dump_v2.ko,qseecom-mod.ko,smcinvoke_mod.ko
0x75369b91	qtee_shmbridge_flush_shm_buf	crypto-qti-hwkm.ko,qseecom-mod.ko,sdhci-msm.ko...
0x0b87d78b	qtee_shmbridge_free_shm	crypto-qti-hwkm.ko,hdcp.ko,msm_drm.ko...
0x67847272	qtee_shmbridge_inv_shm_buf	crypto-qti-hwkm.ko,sdhci-msm.ko,smcinvoke_mod.ko...
0x99367cb2	qtee_shmbridge_is_enabled	msm_drm.ko,msm_kgsl.ko,qseecom-mod.ko...
0xdd0a170f	qtee_shmbridge_query	qseecom-mod.ko
0x97c3c32d	qtee_shmbridge_register	memory_dump_v2.ko,qseecom-mod.ko,smcinvoke_mod.ko
0x81c0a761	qti_battery_charger_get_prop	leds-qpnp-flash-v2.ko
0x6a6cf015	qti_battery_charger_set_prop	leds-qpnp-flash-v2.ko
0xaf76c825	qti_hwkm_get_reg_data	crypto-qti-hwkm.ko
0x7bf9f78d	qti_hwkm_ice_init_sequence	sdhci-msm.ko
0x9696d6fa	qti_hwkm_init	crypto-qti-hwkm.ko
0xb362bc58	qti_hwkm_init_required	crypto-qti-hwkm.ko
0x193dbe17	qti_hwkm_is_ice_tpkey_set	crypto-qti-hwkm.ko
0xbf57e89e	queue_delayed_work_on	altmode-glink.ko,aw882xx_dlkm.ko,cfg80211.ko...
0x732ac580	queue_work_on	adsp_loader_dlkm.ko,altmode-glink.ko,arm_smmu.ko...
0x6fbc6a00	radix_tree_insert	qrtr.ko
0x6dc35b25	radix_tree_iter_delete	qrtr.ko
0x70ad75fb	radix_tree_lookup	qrtr.ko
0x2c541e7b	radix_tree_next_chunk	qrtr.ko
0xb0a0da0c	rational_best_approximation	clk-qcom.ko
0xa851973a	raw_notifier_call_chain	ipam.ko,qti_battery_charger_main.ko,ucsi_glink.ko
0xdc9fa232	raw_notifier_chain_register	ipam.ko,qti_battery_charger_main.ko,ucsi_glink.ko
0xd06524ba	raw_notifier_chain_unregister	ipam.ko,qti_battery_charger_main.ko,ucsi_glink.ko
0x4d9b652b	rb_erase	cfg80211.ko,msm_dma_iommu_mapping.ko,msm_kgsl.ko...
0xece784c2	rb_first	minidump.ko,msm_dma_iommu_mapping.ko,msm_kgsl.ko
0xa5526619	rb_insert_color	cfg80211.ko,msm_dma_iommu_mapping.ko,msm_kgsl.ko...
0xdf2c2742	rb_last	msm_kgsl.ko
0xca9360b5	rb_next	minidump.ko,msm_dma_iommu_mapping.ko,msm_kgsl.ko
0xf82ec573	rb_prev	msm_kgsl.ko
0x0143440b	rdev_get_drvdata	gdsc-regulator.ko,phy-msm-snps-hs.ko,qcom-hv-haptics.ko...
0xaf631943	read_cache_page	block2mtd.ko
0x429c3f9c	reboot_mode	qcom-dload-mode.ko,qcom-scm.ko
0x363cfbf7	reclaim_shmem_address_space	msm_kgsl.ko
0xd9e8aee7	refcount_dec_and_lock	usb_f_diag.ko
0xe441e95a	refcount_dec_not_one	qrtr.ko
0x0296695f	refcount_warn_saturate	camera.ko,cfg80211.ko,coresight-tmc.ko...
0x2f98ad8d	regcache_cache_only	lpass_cdc_dlkm.ko,wsa881x_dlkm.ko
0x0c3b6d34	regcache_mark_dirty	lpass_cdc_dlkm.ko,lpass_cdc_rx_macro_dlkm.ko,lpass_cdc_tx_macro_dlkm.ko...
0xcb305e99	regcache_sync	lpass_cdc_dlkm.ko,wcd937x_dlkm.ko,wcd938x_dlkm.ko...
0xa2a7424a	regcache_sync_region	lpass_cdc_rx_macro_dlkm.ko,lpass_cdc_tx_macro_dlkm.ko,lpass_cdc_va_macro_dlkm.ko...
0x71a50dbc	register_blkdev	mtd_blkdevs.ko,zram.ko
0x3fd78f3b	register_chrdev_region	sg.ko
0x14d2e4b6	register_cld_cmd_cb	qca_cld3_adrastea.ko
0x644961e8	register_console	stm_console.ko
0xb6261484	register_die_notifier	qcom_wdt_core.ko
0x9593ef31	register_ftrace_export	stm_ftrace.ko
0x696c9e5f	register_hboost_event_notifier	qcom-hv-haptics.ko
0x60352082	register_inet6addr_notifier	qca_cld3_adrastea.ko,rmnet_core.ko
0xf68285c0	register_inetaddr_notifier	qca_cld3_adrastea.ko,rmnet_core.ko
0x881262d4	register_kretprobe	dwc3-msm.ko
0x0a770832	register_memory_notifier	mem-offline.ko
0xf353a698	register_module_notifier	minidump.ko
0x37451715	register_mtd_blktrans	mtdblock.ko
0x9dad624c	register_mtd_user	mtd_blkdevs.ko,mtdoops.ko
0xb42297c1	register_netdev	ipam.ko,mhi_dev_netdev.ko,qca_cld3_adrastea.ko...
0xde135803	register_netdevice	qca_cld3_adrastea.ko,rmnet_core.ko,wil6210.ko
0xd2da1048	register_netdevice_notifier	cfg80211.ko,qca_cld3_adrastea.ko,rmnet_aps.ko...
0x4761f17c	register_netevent_notifier	qca_cld3_adrastea.ko
0x622c7922	register_oom_notifier	rmnet_shs.ko
0x35e6faf3	register_pernet_device	cfg80211.ko
0x9cc4f70a	register_pm_notifier	bwmon.ko,cnss2.ko,ipam.ko...
0x2f71457a	register_qdisc	rmnet_sch.ko
0x3517383e	register_reboot_notifier	cnss2.ko,mtd.ko,mtdoops.ko...
0xd9d8fd16	register_restart_handler	pinctrl-msm.ko,qcom-scm.ko,qcom_wdt_core.ko
0x20c020e4	register_shrinker	msm_kgsl.ko,qcom_dma_heaps.ko,zsmalloc.ko
0xb9c425de	register_syscore_ops	qcom_rpmh.ko,sched-walt.ko
0x6a449c4f	register_sysctl_table	hung_task_enh.ko,qca_cld3_adrastea.ko,sched-walt.ko
0x69ea286a	register_ucsi_glink_notifier	fsa4480-i2c.ko,mbhc_dlkm.ko
0xd6dbfc82	register_xiaomi_touch_client	focaltech_3683g.ko,goodix_core.ko
0x8f66a3ea	regmap_bulk_read	gdsc-regulator.ko,nvmem_qcom-spmi-sdam.ko,qcom-hv-haptics.ko...
0x23f2e82d	regmap_bulk_write	leds-qpnp-vibrator-ldo.ko,nvmem_qcom-spmi-sdam.ko,qcom-hv-haptics.ko...
0xd8fcf566	regmap_field_read	qcom_hwspinlock.ko,qcom_tsens.ko
0xf08baf67	regmap_field_update_bits_base	qcom_hwspinlock.ko,qcom_tsens.ko
0x55784228	regmap_irq_get_virq	wcd_core_dlkm.ko
0xee5468c1	regmap_mmio_detach_clk	clk-qcom.ko
0x96e8c312	regmap_multi_reg_write	wsa881x_dlkm.ko
0xa3a84710	regmap_read	bcl_pmic5.ko,clk-qcom.ko,clk-spmi-pmic-div.ko...
0xc419107f	regmap_update_bits_base	clk-qcom.ko,clk-spmi-pmic-div.ko,dispcc-parrot.ko...
0x084a7d48	regmap_write	bcl_pmic5.ko,clk-qcom.ko,fsa4480-i2c.ko...
0xba52f394	regulator_bulk_disable	arm_smmu.ko
0x72d90cad	regulator_count_voltages	camera.ko,focaltech_3683g.ko,focaltech_fts.ko...
0x2f57892a	regulator_disable	arm_smmu.ko,aw882xx_dlkm.ko,btpower.ko...
0x96ddeeac	regulator_enable	arm_smmu.ko,aw882xx_dlkm.ko,btpower.ko...
0x4495babd	regulator_get	aw882xx_dlkm.ko,btpower.ko,camera.ko...
0x719a3d6d	regulator_get_drvdata	qcom_pm8008-regulator.ko
0x08197548	regulator_get_mode	msm_drm.ko,msm_video.ko
0x09a93917	regulator_get_voltage	btpower.ko
0xc782a3ee	regulator_is_enabled	btpower.ko,dwc3-msm.ko,msm-cvp.ko...
0x979d43e3	regulator_is_supported_voltage	sdhci-msm.ko
0x62c43beb	regulator_list_voltage_linear	qcom_pm8008-regulator.ko
0x25d6c290	regulator_notifier_call_chain	qcom_pm8008-regulator.ko
0xf450432c	regulator_proxy_consumer_sync_state	gdsc-regulator.ko,qti-fixed-regulator.ko,rpmh-regulator.ko
0x34db65ed	regulator_put	aw882xx_dlkm.ko,btpower.ko,camera.ko...
0xa1c5abbf	regulator_register_notifier	dwc3-msm.ko,sdpm_clk.ko
0x5c79336c	regulator_set_current_limit	phy-generic.ko
0xffb96b64	regulator_set_load	btpower.ko,camera.ko,cnss2.ko...
0x5f3c4573	regulator_set_mode	camera.ko,msm-cvp.ko,msm-eva.ko...
0xcc6c204e	regulator_set_voltage	aw882xx_dlkm.ko,btpower.ko,camera.ko...
0x0618480c	regulator_unregister_notifier	dwc3-msm.ko,sdpm_clk.ko
0x94ad2929	regulatory_set_wiphy_regd	qca_cld3_adrastea.ko
0xc6d09aa9	release_firmware	aw882xx_dlkm.ko,camera.ko,cfg80211.ko...
0x7a456dd4	release_sock	qrtr.ko
0x8dcc0f70	remap_pfn_range	gh_virtio_backend.ko,msm_sharedmem.ko,qcom_dma_heaps.ko...
0xad4e6259	remove_cpu	cpu_hotplug.ko,guestvm_loader.ko,hyp_core_ctl.ko
0x742b8f16	remove_memory_subsection	mem_buf_dev.ko
0x3c651057	remove_proc_entry	goodix_core.ko,msm_drm.ko,mtd.ko...
0x52386c11	remove_proc_subtree	focaltech_3683g.ko
0x37110088	remove_wait_queue	ipam.ko
0x68fd9b67	report_iommu_fault	arm_smmu.ko
0xe3043ff9	request_any_context_irq	radio-i2c-rtc6226-qca.ko
0xa7d7a957	request_firmware	aw882xx_dlkm.ko,camera.ko,cfg80211.ko...
0xba1dc126	request_firmware_into_buf	mdt_loader.ko
0xe0262cb4	request_firmware_nowait	aw882xx_dlkm.ko,cfg80211.ko,fs19xx_dlkm.ko...
0x2072ee9b	request_threaded_irq	bwmon.ko,cnss2.ko,focaltech_3683g.ko...
0x0b0e1843	resched_curr	sched-walt.ko
0x6c4b6684	reset_control_assert	dwc3-msm.ko,gdsc-regulator.ko,msm-cvp.ko...
0xb2210d64	reset_control_deassert	dwc3-msm.ko,gdsc-regulator.ko,msm-cvp.ko...
0x24f39c39	reset_control_reset	msm_kgsl.ko
0x7b491092	resume_cpus	sched-walt.ko
0x2ae128c8	revalidate_disk_size	zram.ko
0x69b18f43	rfc1042_header	wil6210.ko
0x6fcf12af	rfkill_alloc	btpower.ko,cfg80211.ko
0xc0763484	rfkill_blocked	cfg80211.ko
0xdb68bbad	rfkill_destroy	btpower.ko,cfg80211.ko
0xaad6d92f	rfkill_init_sw_state	btpower.ko
0x3939f8f0	rfkill_pause_polling	cfg80211.ko
0x25277497	rfkill_register	btpower.ko,cfg80211.ko
0xc781bd9f	rfkill_resume_polling	cfg80211.ko
0x97999817	rfkill_set_hw_state	cfg80211.ko
0x083eb21c	rfkill_unregister	btpower.ko,cfg80211.ko
0xc4c1fe4f	rimps_pmu_init	pmu_scmi.ko
0x889f98c7	rmnet_aps_set_prio	rmnet_aps.ko
0xb3c15579	rmnet_ctl_get_stats	rmnet_core.ko
0x4b46643f	rmnet_ctl_if	rmnet_core.ko
0x67dc6e68	rmnet_frag_deliver	rmnet_offload.ko
0x018ed121	rmnet_frag_descriptor_add_frags_from	rmnet_offload.ko
0xb7317b19	rmnet_frag_header_ptr	rmnet_offload.ko
0xc8141cad	rmnet_frag_ipv6_skip_exthdr	rmnet_offload.ko
0x7aca3247	rmnet_get_port	rmnet_offload.ko,rmnet_shs.ko
0x418f6271	rmnet_is_real_dev_registered	rmnet_shs.ko
0x9dcc3f9f	rmnet_map_dl_ind_deregister	rmnet_offload.ko,rmnet_shs.ko
0xd469949a	rmnet_map_dl_ind_register	rmnet_offload.ko,rmnet_shs.ko
0x4b87f955	rmnet_perf_chain_end	rmnet_offload.ko
0x557a213f	rmnet_perf_desc_entry	rmnet_offload.ko
0xe74bc79a	rmnet_perf_egress_hook1	rmnet_perf.ko
0xedc8d443	rmnet_perf_ingress_hook1	rmnet_perf.ko
0xe71c79d0	rmnet_perf_tether_cmd_hook	rmnet_perf_tether.ko
0xd6ba1b12	rmnet_perf_tether_egress_hook	rmnet_perf_tether.ko
0x38c35b58	rmnet_perf_tether_ingress_hook	rmnet_perf_tether.ko
0x58772193	rmnet_recycle_frag_descriptor	rmnet_offload.ko
0x14f7be43	rmnet_rx_handler	rmnet_shs.ko
0x89eb54aa	rmnet_shs_skb_entry	rmnet_shs.ko
0x0d2c8ba5	rmnet_shs_switch	rmnet_shs.ko
0xcfd2cc6a	rndis_deregister	usb_f_gsi.ko
0x04c587ad	rndis_free_response	usb_f_gsi.ko
0x96d79dfc	rndis_get_next_response	usb_f_gsi.ko
0x0ec443b0	rndis_ipa_cleanup	ipa_clientsm.ko
0x67056412	rndis_ipa_init	ipa_clientsm.ko
0x44b589e9	rndis_ipa_pipe_connect_notify	ipa_clientsm.ko
0x9eae76fa	rndis_ipa_pipe_disconnect_notify	ipa_clientsm.ko
0x6c224c8e	rndis_msg_parser	usb_f_gsi.ko
0x3776cc2f	rndis_register	usb_f_gsi.ko
0xbc358924	rndis_set_host_mac	usb_f_gsi.ko
0x5e3e25ae	rndis_set_param_dev	usb_f_gsi.ko
0xdbeda84e	rndis_set_param_medium	usb_f_gsi.ko
0xd16c7930	rndis_set_param_vendor	usb_f_gsi.ko
0xb1cfdd1d	rndis_signal_connect	usb_f_gsi.ko
0x7e982ffe	rndis_uninit	usb_f_gsi.ko
0x07544bb7	root_task_group	sched-walt.ko
0x8ca181e6	rpmh_init_fast_path	dcvs_fp.ko
0x46bc2a04	rpmh_invalidate	icc-bcm-voter.ko,msm_drm.ko
0xd45e5f93	rpmh_mode_solver_set	msm_drm.ko
0x87600276	rpmh_update_fast_path	dcvs_fp.ko
0xc793cb79	rpmh_write	clk-rpmh.ko,rpmh-regulator.ko
0xd5047495	rpmh_write_async	clk-rpmh.ko,dcvs_fp.ko,rpmh-regulator.ko
0x1a9a3b0f	rpmh_write_batch	icc-bcm-voter.ko
0x28bc47b7	rpmh_write_sleep_and_wake	msm_drm.ko
0xe380b6c5	rpmsg_get_signals	glink_pkt.ko
0x06c9d8e4	rpmsg_poll	glink_pkt.ko
0x3705e77b	rpmsg_register_device	qcom_glink.ko,qcom_smd.ko
0x313bcc10	rpmsg_register_device_override	qcom_glink.ko,qcom_smd.ko
0xf38ca6cf	rpmsg_send	cdsprm.ko,frpc-adsprpc.ko,glink_pkt.ko...
0x7c5444f2	rpmsg_set_signals	glink_pkt.ko
0xd45e13fe	rpmsg_trysend	glink_pkt.ko,gpr_dlkm.ko,pci-msm-drv.ko...
0x5c50fadd	rpmsg_unregister_device	qcom_glink.ko,qcom_smd.ko
0x5f5bc6c5	rproc_add	qcom_esoc.ko,qcom_q6v5_adsp.ko,qcom_q6v5_pas.ko
0x916b44f8	rproc_add_subdev	qcom_sysmon.ko,rproc_qcom_common.ko
0x024efbe5	rproc_alloc	qcom_esoc.ko,qcom_q6v5_adsp.ko,qcom_q6v5_pas.ko
0xa67a6a6c	rproc_boot	adsp_loader_dlkm.ko,cdsp-loader.ko,icnss2.ko
0x351fbbbf	rproc_coredump	rproc_qcom_common.ko
0xb066316f	rproc_coredump_add_custom_segment	rproc_qcom_common.ko
0xd5073684	rproc_coredump_add_segment	qcom_q6v5_pas.ko,rproc_qcom_common.ko
0x264475a2	rproc_coredump_cleanup	qcom_q6v5_pas.ko,rproc_qcom_common.ko
0x13c2c987	rproc_coredump_set_elf_info	qcom_q6v5_adsp.ko,qcom_q6v5_pas.ko
0xa14eae8a	rproc_del	qcom_esoc.ko,qcom_q6v5_adsp.ko,qcom_q6v5_pas.ko
0x2be53a34	rproc_free	qcom_esoc.ko,qcom_q6v5_adsp.ko,qcom_q6v5_pas.ko
0x85b52abb	rproc_get_by_child	qcom_sysmon.ko
0xd5982f15	rproc_get_by_phandle	adsp_loader_dlkm.ko,cdsp-loader.ko,icnss2.ko...
0x2252a67a	rproc_put	adsp_loader_dlkm.ko,icnss2.ko
0x4b7b79e2	rproc_remove_subdev	qcom_sysmon.ko,rproc_qcom_common.ko
0x4c1dd63e	rproc_report_crash	qcom_esoc.ko,qcom_q6v5.ko
0x873d545b	rproc_set_firmware	adsp_loader_dlkm.ko
0xb731f6c5	rproc_shutdown	adsp_loader_dlkm.ko,cdsp-loader.ko,icnss2.ko
0xaa6fd9e2	rq_flush_dcache_pages	mtd_blkdevs.ko
0x356461c8	rtc_time64_to_tm	msm_drm.ko,qca_cld3_adrastea.ko,rtc-pm8xxx.ko
0x4f2250ba	rtc_tm_to_time64	rtc-pm8xxx.ko
0xfbd12ee6	rtc_update_irq	rtc-pm8xxx.ko
0x85670f1d	rtnl_is_locked	cfg80211.ko,qca_cld3_adrastea.ko,rmnet_core.ko...
0x6d9186ba	rtnl_link_register	rmnet_core.ko
0x80913be2	rtnl_link_unregister	rmnet_core.ko
0xc7a4fbed	rtnl_lock	cfg80211.ko,mhi_dev_netdev.ko,qca_cld3_adrastea.ko...
0xf4f14de6	rtnl_trylock	qca_cld3_adrastea.ko,rmnet_core.ko
0x1b9f0e8e	rtnl_unicast	rmnet_core.ko
0x6e720ff2	rtnl_unlock	cfg80211.ko,mhi_dev_netdev.ko,qca_cld3_adrastea.ko...
0x4cf65b8e	runqueues	minidump.ko,sched-walt.ko
0xd653b126	sched_clock	bcl_pmic5.ko,gpi.ko,gsim.ko...
0xef80ba0e	sched_feat_keys	sched-walt.ko
0x8ecc1cca	sched_feat_names	sched-walt.ko
0x1eba8f5f	sched_lpm_disallowed_time	qcom_lpm.ko
0x3aaa0af3	sched_set_fifo	msm_drm.ko,msm_kgsl.ko
0x3817dede	sched_set_normal	dwc3-msm.ko,msm_kgsl.ko
0xb1e57763	sched_setattr	qcom_dma_heaps.ko
0xdc902f8d	sched_setscheduler	msm_drm.ko,qcom_wdt_core.ko,qrtr.ko
0x1d657ea1	sched_setscheduler_nocheck	hyp_core_ctl.ko,sched-walt.ko
0x3d54518c	sched_show_task	pm8941-pwrkey.ko
0x63069a86	sched_trace_rd_span	sched-walt.ko
0x056a37c5	sched_uclamp_used	sched-walt.ko
0x01000e51	schedule	audio_pkt_dlkm.ko,cdsprm.ko,cfg80211.ko...
0x8ddd8aad	schedule_timeout	audio_prm_dlkm.ko,camera.ko,coresight-tmc.ko...
0x054496b4	schedule_timeout_interruptible	qca_cld3_adrastea.ko
0xd735b621	scmi_driver_register	cpufreq_stats_scmi.ko,plh_scmi.ko,pmu_scmi.ko...
0x8424e604	scmi_driver_unregister	cpufreq_stats_scmi.ko,plh_scmi.ko,pmu_scmi.ko...
0x0c022bb8	scmi_protocol_register	cpufreq_stats_vendor.ko,plh_vendor.ko,pmu_vendor.ko...
0x5f2855a5	scmi_protocol_unregister	cpufreq_stats_vendor.ko,plh_vendor.ko,pmu_vendor.ko...
0x96848186	scnprintf	btpower.ko,bwmon.ko,camera.ko...
0xb1b93d8c	scsi_autopm_get_device	sg.ko
0xda8fb516	scsi_autopm_put_device	sg.ko
0xc63aec71	scsi_block_when_processing_errors	sg.ko
0x0334da4e	scsi_command_size_tbl	sg.ko
0x4ede3e4f	scsi_compat_ioctl	sg.ko
0xaecacdb3	scsi_device_get	sg.ko
0x965b35d2	scsi_device_put	sg.ko
0x7870ccc8	scsi_device_quiesce	ufs_qcom.ko
0x5125d766	scsi_ioctl	sg.ko
0x99892ec4	scsi_ioctl_block_when_processing_errors	sg.ko
0xfbad3cf0	scsi_normalize_sense	sg.ko
0x2ed0cf7e	scsi_register_interface	sg.ko
0xc27f4ce9	scsi_remove_device	ufs_qcom.ko
0x0d0b15dc	sdev_prefix_printk	sg.ko
0xe840a4c0	sdhci_add_host	sdhci-msm.ko
0x8b54151f	sdhci_cleanup_host	sdhci-msm.ko
0xe219438d	sdhci_cqe_disable	sdhci-msm.ko
0xc9e8b456	sdhci_cqe_enable	sdhci-msm.ko
0xff631677	sdhci_cqe_irq	sdhci-msm.ko
0xff2a1e1f	sdhci_dumpregs	sdhci-msm.ko
0x5aa6815f	sdhci_enable_clk	sdhci-msm.ko
0x5e4aac1d	sdhci_get_property	sdhci-msm.ko
0x48255d9e	sdhci_msm_cqe_scaling_resume	sdhci-msm.ko
0x1a7f9025	sdhci_msm_mmc_can_scale_clk	sdhci-msm.ko
0xb1ae7fc7	sdhci_msm_mmc_clk_update_freq	sdhci-msm.ko
0x423eaa0f	sdhci_msm_mmc_cqe_clk_scaling_start_busy	cqhci.ko
0xdceec9ce	sdhci_msm_mmc_cqe_clk_scaling_stop_busy	cqhci.ko
0x4e4bb026	sdhci_msm_mmc_resume_clk_scaling	sdhci-msm.ko
0x8bebbad4	sdhci_msm_mmc_suspend_clk_scaling	sdhci-msm.ko
0x461520e7	sdhci_msm_scale_parse_dt	sdhci-msm.ko
0x9956e847	sdhci_pltfm_free	sdhci-msm.ko
0xdc230709	sdhci_pltfm_init	sdhci-msm.ko
0x32d42994	sdhci_remove_host	sdhci-msm.ko
0x622c9c2b	sdhci_reset	sdhci-msm.ko
0xb1d6ad9d	sdhci_set_bus_width	sdhci-msm.ko
0x1dfbaddc	sdhci_set_power_noreg	sdhci-msm.ko
0x81d0be6e	sdhci_setup_host	sdhci-msm.ko
0xf249da5a	se_config_packing	i2c-msm-geni.ko,msm_geni_serial.ko,spi-msm-geni.ko
0xe66f40d3	se_geni_clks_off	i2c-msm-geni.ko,msm_geni_serial.ko,spi-msm-geni.ko
0x6e238529	se_geni_clks_on	i2c-msm-geni.ko,msm_geni_serial.ko,spi-msm-geni.ko
0xd137a1e8	se_geni_resources_off	i2c-msm-geni.ko,msm_geni_serial.ko,spi-msm-geni.ko
0xeef94ec2	se_geni_resources_on	i2c-msm-geni.ko,msm_geni_serial.ko,spi-msm-geni.ko
0x623c4b13	se_get_packing_config	msm_geni_serial.ko,spi-msm-geni.ko
0x4f743bcb	send_sig_info	mem-offline.ko
0xe397caf5	seq_buf_printf	minidump.ko
0xad9f2705	seq_lseek	focaltech_3683g.ko,goodix_core.ko,msm_drm.ko...
0x14ac9890	seq_open	nt36xxx-i2c.ko,nt36xxx-spi.ko
0xd740362b	seq_printf	clk-qcom.ko,focaltech_3683g.ko,goodix_core.ko...
0xa2aa781e	seq_puts	goodix_core.ko,mtd.ko,nt36xxx-i2c.ko...
0xb9997d36	seq_read	focaltech_3683g.ko,goodix_core.ko,msm_drm.ko...
0xcf99893f	seq_release	nt36xxx-i2c.ko,nt36xxx-spi.ko
0xbc724561	seq_vprintf	qca_cld3_adrastea.ko
0x9d51bcc0	seq_write	wil6210.ko
0x9f660b14	set_cpus_allowed_ptr	qca_cld3_adrastea.ko,qcom_glink.ko,sched-walt.ko
0x6b64d8a7	set_disk_ro	mtd_blkdevs.ko
0x365acda7	set_normalized_timespec64	frpc-adsprpc.ko,rmnet_core.ko
0xd9400309	set_page_dirty	block2mtd.ko
0x35874736	set_page_dirty_lock	msm_kgsl.ko
0x62d99189	set_smartpa_codec	aw882xx_dlkm.ko,fs19xx_dlkm.ko
0x3527a3c9	set_smartpa_type	aw882xx_dlkm.ko,fs19xx_dlkm.ko
0x064c1441	set_task_cpu	sched-walt.ko
0xea6afae2	set_user_nice	msm_kgsl.ko,qca_cld3_adrastea.ko
0xc1920a69	setup_ddrllcc_fp_device	qcom-dcvs.ko
0x3a2f6702	sg_alloc_table	camera.ko,ipa_clientsm.ko,mem_buf.ko...
0x753d5353	sg_alloc_table_from_pages	msm_kgsl.ko,qcom_iommu_util.ko
0x7f5b4fe4	sg_free_table	camera.ko,cnss2.ko,dwc3-msm.ko...
0xb320cc0e	sg_init_one	qca_cld3_adrastea.ko,qce50.ko,qcedev-mod.ko
0xf888ca21	sg_init_table	i2c-msm-geni.ko,msm_kgsl.ko,qca_cld3_adrastea.ko...
0x290f2ad7	sg_miter_next	qcom_iommu_util.ko
0xea1aa32a	sg_miter_start	qcom_iommu_util.ko
0xa77c6467	sg_miter_stop	qcom_iommu_util.ko
0x87b8798d	sg_next	arm_smmu.ko,bam_dma.ko,camera.ko...
0x523261ce	sg_scsi_ioctl	sg.ko
0xf16350ec	sget_fc	mtd.ko
0x37118900	shmem_file_setup	msm_kgsl.ko
0x7b91e22c	shmem_read_mapping_page_gfp	msm_kgsl.ko
0xadc5d25d	shmem_truncate_range	msm_drm.ko
0x17df5a72	show_regs	qcom_cpu_vendor_hooks.ko
0x785a93b4	si_mem_available	minidump.ko
0x40c7247c	si_meminfo	minidump.ko,msm_sysstats.ko
0xec13c83c	si_swapinfo	minidump.ko,msm_sysstats.ko
0x6a5fa363	sigprocmask	qseecom-mod.ko
0x29ba8c99	simple_open	msm-mmrm.ko
0x619cb7dd	simple_read_from_buffer	lpass_cdc_dlkm.ko,msm-mmrm.ko,msm_kgsl.ko...
0x0b742fd7	simple_strtol	mi_thermal_interface.ko
0x20000329	simple_strtoul	block2mtd.ko,mtd.ko,mtdoops.ko
0x4f731e2b	single_open	focaltech_3683g.ko,msm_drm.ko,qca_cld3_adrastea.ko
0x6503cb62	single_open_size	goodix_core.ko
0xef42eddb	single_release	focaltech_3683g.ko,goodix_core.ko,msm_drm.ko...
0xfd3929b7	sk_alloc	qrtr.ko
0x762d3d15	sk_free	qrtr-mhi.ko,qrtr.ko
0x718ea104	skb_add_rx_frag	cfg80211.ko,ipam.ko,mhi_dev_netdev.ko...
0xddfca4d3	skb_append_pagefrags	rmnet_core.ko
0x8b0093de	skb_checksum	rmnet_core.ko
0xbd0b7597	skb_clone	ipa_clientsm.ko,ipam.ko,qca_cld3_adrastea.ko...
0xfcb69b4d	skb_coalesce_rx_frag	qca_cld3_adrastea.ko
0x93f6b114	skb_complete_wifi_ack	wil6210.ko
0x0e9757c5	skb_copy	ipam.ko,qca_cld3_adrastea.ko,wil6210.ko
0xebe95c40	skb_copy_bits	cfg80211.ko,qca_cld3_adrastea.ko,qrtr.ko...
0x5b6aebca	skb_copy_datagram_iter	qrtr.ko
0x9e54fb74	skb_copy_expand	asix.ko,ipa_clientsm.ko,ipam.ko...
0x09cc045f	skb_dequeue	audio_pkt_dlkm.ko,glink_pkt.ko,ipam.ko...
0x6a457e29	skb_dequeue_tail	rmnet_shs.ko
0x224131e7	skb_free_datagram	qrtr.ko
0x653d301d	skb_pull	ax88179_178a.ko,cfg80211.ko,ipa_clientsm.ko...
0x9f1d68b1	skb_push	asix.ko,ax88179_178a.ko,cfg80211.ko...
0xaabbcd72	skb_put	asix.ko,audio_pkt_dlkm.ko,ax88179_178a.ko...
0x9bc58873	skb_queue_head	ipam.ko
0x926f7e5e	skb_queue_purge	qca_cld3_adrastea.ko,qrtr.ko
0x0b234982	skb_queue_tail	audio_pkt_dlkm.ko,glink_pkt.ko,ipam.ko...
0xfe9661b7	skb_recv_datagram	qrtr.ko
0xd8dc9b2f	skb_set_owner_w	qrtr.ko
0x549879c6	skb_store_bits	qrtr.ko
0xf6c71723	skb_trim	ax88179_178a.ko,cfg80211.ko,ipa_clientsm.ko...
0xd0a91bab	skip_spaces	msm_drm.ko,qca_cld3_adrastea.ko,sched-walt.ko
0xb56eaee5	slim_alloc_txn_tid	slim-qcom-ngd-ctrl.ko
0x8c37b765	slim_driver_unregister	bt_fm_slim.ko
0x60f20bf4	slim_free_txn_tid	slim-qcom-ngd-ctrl.ko
0x019f5ad9	slim_get_logical_addr	bt_fm_slim.ko,slim-qcom-ngd-ctrl.ko
0xba929dfd	slim_msg_response	slim-qcom-ngd-ctrl.ko
0x51d44428	slim_readb	bt_fm_slim.ko
0xa4295b5c	slim_register_controller	slim-qcom-ngd-ctrl.ko
0x2d5f8778	slim_report_absent	slim-qcom-ngd-ctrl.ko
0x8dc127e0	slim_stream_allocate	bt_fm_slim.ko
0x7f142c76	slim_stream_disable	bt_fm_slim.ko
0x8118169d	slim_stream_enable	bt_fm_slim.ko
0xb1504d2d	slim_stream_prepare	bt_fm_slim.ko
0x0061a242	slim_stream_unprepare_disconnect_port	bt_fm_slim.ko
0x48d3d0d5	slim_unregister_controller	slim-qcom-ngd-ctrl.ko
0x4d01636f	slim_writeb	bt_fm_slim.ko
0x6228c21f	smp_call_function_single	hyp_core_ctl.ko,memlat.ko,qcom-pmu-lib.ko...
0x6a1cd340	smp_call_function_single_async	sched-walt.ko
0xe07e0d99	snd_event_client_deregister	gpr_dlkm.ko,lpass_cdc_dlkm.ko,pinctrl_lpi_dlkm.ko
0x0230947b	snd_event_client_register	gpr_dlkm.ko,lpass_cdc_dlkm.ko,pinctrl_lpi_dlkm.ko
0xa4054888	snd_event_master_deregister	machine_dlkm.ko
0x17ea2de3	snd_event_master_register	machine_dlkm.ko
0xa91703d3	snd_event_mstr_add_client	machine_dlkm.ko
0xa51dab26	snd_event_notify	gpr_dlkm.ko,lpass_cdc_dlkm.ko,machine_dlkm.ko...
0xc36e44f2	snd_info_create_card_entry	lpass_cdc_dlkm.ko,wcd937x_dlkm.ko,wcd938x_dlkm.ko...
0x27934fd7	snd_info_create_module_entry	lpass_cdc_dlkm.ko,machine_dlkm.ko,wcd937x_dlkm.ko...
0x3971a63b	snd_info_free_entry	lpass_cdc_dlkm.ko,machine_dlkm.ko,wcd937x_dlkm.ko...
0x5ee4fac6	snd_info_register	lpass_cdc_dlkm.ko,machine_dlkm.ko,wcd937x_dlkm.ko...
0x14f4c7ac	snd_jack_set_key	mbhc_dlkm.ko
0x68a24153	snd_pcm_format_physical_width	aw882xx_dlkm.ko,fs19xx_dlkm.ko
0xe56a9336	snd_pcm_format_width	aw882xx_dlkm.ko,bt_fm_slim.ko,lpass_cdc_rx_macro_dlkm.ko
0xeec87728	snd_pcm_hw_constraint_list	aw882xx_dlkm.ko,fs19xx_dlkm.ko
0x1c514236	snd_pcm_hw_constraint_mask64	aw882xx_dlkm.ko,fs19xx_dlkm.ko
0x84f2b1b6	snd_soc_add_component_controls	aw882xx_dlkm.ko,bt_fm_slim.ko,fs19xx_dlkm.ko...
0xefdd0646	snd_soc_card_get_kcontrol	machine_dlkm.ko
0xf93efb46	snd_soc_card_jack_new	mbhc_dlkm.ko
0x46d0fda7	snd_soc_component_exit_regmap	wsa883x_dlkm.ko
0x168ff310	snd_soc_component_init_regmap	lpass_cdc_dlkm.ko,swr_haptics_dlkm.ko,wcd937x_dlkm.ko...
0xc47b3651	snd_soc_component_read	lpass_cdc_dlkm.ko,lpass_cdc_rx_macro_dlkm.ko,lpass_cdc_tx_macro_dlkm.ko...
0x0d266b8f	snd_soc_component_update_bits	lpass_cdc_dlkm.ko,lpass_cdc_rx_macro_dlkm.ko,lpass_cdc_tx_macro_dlkm.ko...
0x27301cc5	snd_soc_component_write	lpass_cdc_dlkm.ko,lpass_cdc_rx_macro_dlkm.ko,lpass_cdc_tx_macro_dlkm.ko...
0x17b1fec4	snd_soc_dai_get_channel_map	machine_dlkm.ko
0x4dd795bf	snd_soc_dai_set_channel_map	machine_dlkm.ko
0xeb2ef02e	snd_soc_dapm_add_routes	lpass_cdc_rx_macro_dlkm.ko,lpass_cdc_tx_macro_dlkm.ko,lpass_cdc_va_macro_dlkm.ko...
0xd58d4db5	snd_soc_dapm_disable_pin	wcd_core_dlkm.ko
0xccedc369	snd_soc_dapm_force_enable_pin	wcd_core_dlkm.ko
0x0c94461e	snd_soc_dapm_get_enum_double	lpass_cdc_rx_macro_dlkm.ko,lpass_cdc_tx_macro_dlkm.ko,lpass_cdc_va_macro_dlkm.ko...
0xa2aaaf0d	snd_soc_dapm_get_volsw	lpass_cdc_rx_macro_dlkm.ko,lpass_cdc_wsa2_macro_dlkm.ko,lpass_cdc_wsa_macro_dlkm.ko...
0x76f5e8f2	snd_soc_dapm_ignore_suspend	lpass_cdc_rx_macro_dlkm.ko,lpass_cdc_tx_macro_dlkm.ko,lpass_cdc_va_macro_dlkm.ko...
0x047c077d	snd_soc_dapm_kcontrol_widget	lpass_cdc_rx_macro_dlkm.ko,lpass_cdc_tx_macro_dlkm.ko,lpass_cdc_va_macro_dlkm.ko...
0x4dcceb75	snd_soc_dapm_mixer_update_power	lpass_cdc_tx_macro_dlkm.ko,lpass_cdc_va_macro_dlkm.ko,lpass_cdc_wsa2_macro_dlkm.ko...
0x91494aa1	snd_soc_dapm_mux_update_power	lpass_cdc_rx_macro_dlkm.ko,lpass_cdc_wsa2_macro_dlkm.ko,lpass_cdc_wsa_macro_dlkm.ko
0x0105a868	snd_soc_dapm_new_controls	lpass_cdc_rx_macro_dlkm.ko,lpass_cdc_tx_macro_dlkm.ko,lpass_cdc_va_macro_dlkm.ko...
0x4df36f4a	snd_soc_dapm_new_widgets	lpass_cdc_rx_macro_dlkm.ko,lpass_cdc_tx_macro_dlkm.ko,lpass_cdc_va_macro_dlkm.ko...
0x1d65c6dd	snd_soc_dapm_put_enum_double	lpass_cdc_rx_macro_dlkm.ko,lpass_cdc_tx_macro_dlkm.ko,lpass_cdc_va_macro_dlkm.ko...
0x9c23d865	snd_soc_dapm_put_volsw	lpass_cdc_rx_macro_dlkm.ko,lpass_cdc_wsa2_macro_dlkm.ko,lpass_cdc_wsa_macro_dlkm.ko...
0x4cc7ed2c	snd_soc_dapm_sync	lpass_cdc_rx_macro_dlkm.ko,lpass_cdc_tx_macro_dlkm.ko,lpass_cdc_va_macro_dlkm.ko...
0x6a015ed1	snd_soc_get_enum_double	lpass_cdc_tx_macro_dlkm.ko
0xa01097d9	snd_soc_get_pcm_runtime	machine_dlkm.ko
0x901f7173	snd_soc_get_volsw	lpass_cdc_rx_macro_dlkm.ko,lpass_cdc_tx_macro_dlkm.ko,lpass_cdc_va_macro_dlkm.ko...
0xffaea249	snd_soc_info_enum_double	aw882xx_dlkm.ko,hdmi_dlkm.ko,lpass_cdc_rx_macro_dlkm.ko...
0xaca2c525	snd_soc_info_multi_ext	hdmi_dlkm.ko
0xf643f1fa	snd_soc_info_volsw	aw882xx_dlkm.ko,bt_fm_slim.ko,fs19xx_dlkm.ko...
0xfa854684	snd_soc_jack_report	mbhc_dlkm.ko
0x179cc491	snd_soc_lookup_component	swr_dmic_dlkm.ko,wcd_core_dlkm.ko,wsa883x_dlkm.ko
0x52e9efc3	snd_soc_of_parse_audio_routing	machine_dlkm.ko
0xcb2e5e71	snd_soc_of_parse_card_name	machine_dlkm.ko
0x07ce1303	snd_soc_pm_ops	machine_dlkm.ko
0x8af7b905	snd_soc_put_enum_double	lpass_cdc_tx_macro_dlkm.ko
0x3424c843	snd_soc_put_volsw	lpass_cdc_rx_macro_dlkm.ko,lpass_cdc_tx_macro_dlkm.ko,lpass_cdc_va_macro_dlkm.ko...
0xc99f96e8	snd_soc_register_component	aw882xx_dlkm.ko,bt_fm_slim.ko,fs19xx_dlkm.ko...
0x61425f8f	snd_soc_rtdcom_lookup	machine_dlkm.ko
0x9c5422c8	snd_soc_unregister_card	machine_dlkm.ko
0xe2956764	snd_soc_unregister_component	aw882xx_dlkm.ko,bt_fm_slim.ko,fs19xx_dlkm.ko...
0x8b134ba0	snd_usb_enable_audio_stream	snd-usb-audio-qmi.ko
0x656e4a6e	snprintf	asix.ko,aw882xx_dlkm.ko,bcl_pmic5.ko...
0x735c68ca	soc_device_register	socinfo.ko
0x19c20269	soc_device_unregister	socinfo.ko
0x993fce1d	socinfo_get_part_info	frpc-adsprpc.ko,icc-rpmh.ko
0xd3b5f1bb	socinfo_get_serial_number	icnss2.ko
0x6152f45a	sock_alloc_send_skb	qrtr.ko
0x36edc5de	sock_create_kern	qmi_helpers.ko,qrtr.ko
0x00a014fe	sock_gettstamp	qrtr.ko
0x2055faa7	sock_init_data	qrtr.ko
0xf2f1d3b6	sock_no_accept	qrtr.ko
0x3b0e1c02	sock_no_listen	qrtr.ko
0x8b3285d0	sock_no_mmap	qrtr.ko
0x28c30c96	sock_no_sendpage	qrtr.ko
0x86bde2be	sock_no_shutdown	qrtr.ko
0x010eea1c	sock_no_socketpair	qrtr.ko
0x3ff64653	sock_queue_rcv_skb	qrtr.ko
0x9f4050c1	sock_register	qrtr.ko
0x65e4eb7f	sock_release	cfg80211.ko,qmi_helpers.ko,qrtr.ko
0x726c71f3	sock_setsockopt	qrtr.ko
0x62737e1d	sock_unregister	qrtr.ko
0x95b89091	softnet_data	rmnet_shs.ko
0xb7c0f443	sort	frpc-adsprpc.ko,msm-cvp.ko,msm-eva.ko...
0x8892c6d0	spf_core_apm_close_all	audio_pkt_dlkm.ko,machine_dlkm.ko
0x7e8184fc	spf_core_is_apm_ready	adsp_loader_dlkm.ko,audio_prm_dlkm.ko
0xfb4a64e4	spi_register_controller	spi-msm-geni.ko
0x198c57be	spi_setup	camera.ko,focaltech_3683g.ko,focaltech_fts.ko...
0xb0df2a4d	spi_sync	camera.ko,focaltech_3683g.ko,focaltech_fts.ko...
0x9f021150	spi_unregister_controller	spi-msm-geni.ko
0x95103f0b	spmi_controller_add	spmi-glink-debug.ko,spmi-pmic-arb-debug.ko,spmi-pmic-arb.ko
0x27794a5f	spmi_controller_alloc	spmi-glink-debug.ko,spmi-pmic-arb-debug.ko,spmi-pmic-arb.ko
0x130e6632	spmi_controller_remove	spmi-glink-debug.ko,spmi-pmic-arb-debug.ko,spmi-pmic-arb.ko
0x19f514a6	spmi_ext_register_read	regmap-spmi.ko
0xeee512f1	spmi_ext_register_readl	regmap-spmi.ko
0x08a8d05e	spmi_ext_register_write	regmap-spmi.ko
0xedf66e23	spmi_ext_register_writel	regmap-spmi.ko
0x3cbbd910	spmi_pmic_arb_map_address	msm_drm.ko
0x68ae390c	spmi_register_read	regmap-spmi.ko
0x4b1a4fd0	spmi_register_write	regmap-spmi.ko
0x34c01336	spmi_register_zero_write	regmap-spmi.ko
0x661601de	sprint_symbol	qca_cld3_adrastea.ko
0x3c3ff9fd	sprintf	camera.ko,cfg80211.ko,coresight-cti.ko...
0x3a9457ff	sps_alloc_endpoint	coresight-tmc.ko,qce50.ko,usb_bam.ko
0x96d962ca	sps_bam_disable_irqs	qce50.ko
0x96ccda4a	sps_bam_enable_irqs	qce50.ko
0x13facc10	sps_connect	coresight-tmc.ko,qce50.ko,usb_bam.ko
0x31472e84	sps_deregister_bam_device	qce50.ko,usb_bam.ko
0xb21d93eb	sps_device_reset	coresight-tmc.ko,usb_bam.ko
0x32b50d8c	sps_disconnect	coresight-tmc.ko,qce50.ko,usb_bam.ko
0x8802ce3f	sps_free_endpoint	coresight-tmc.ko,qce50.ko,usb_bam.ko
0xc933d2eb	sps_get_bam_addr	coresight-tmc.ko,usb_bam.ko
0x8d37946b	sps_get_bam_debug_info	usb_bam.ko
0xee9c28ca	sps_get_config	coresight-tmc.ko,qce50.ko,usb_bam.ko
0xaf0c4f48	sps_phy2h	usb_bam.ko
0x5e208f0e	sps_pipe_reset	qce50.ko
0x71166874	sps_register_bam_device	coresight-tmc.ko,qce50.ko,usb_bam.ko
0xd2fdae62	sps_register_event	qce50.ko,usb_bam.ko
0xee5d9cb1	sps_set_config	usb_bam.ko
0xc9482643	sps_setup_bam2bam_fifo	usb_bam.ko
0xf25509aa	sps_timer_ctrl	usb_bam.ko
0x8793712a	sps_transfer	qce50.ko
0xf2db5e4f	sps_transfer_one	qce50.ko
0x36d70b72	srcu_init_notifier_head	msm_kgsl.ko,q6_notifier_dlkm.ko,rproc_qcom_common.ko
0xfa9d85fd	srcu_notifier_call_chain	gh_rm_drv.ko,msm_kgsl.ko,q6_notifier_dlkm.ko...
0xb5dec381	srcu_notifier_chain_register	gh_rm_drv.ko,msm_kgsl.ko,q6_notifier_dlkm.ko...
0xc579925f	srcu_notifier_chain_unregister	gh_rm_drv.ko,msm_kgsl.ko,q6_notifier_dlkm.ko...
0xbcab6ee6	sscanf	adsp_loader_dlkm.ko,aw882xx_dlkm.ko,camera.ko...
0xb912560d	static_key_disable	sched-walt.ko
0x4189b31b	stm_data_write	stm_p_basic.ko,stm_p_ost.ko
0xae652170	stm_register_device	coresight-stm.ko
0x1df20651	stm_register_protocol	stm_p_basic.ko,stm_p_ost.ko
0x52fb094d	stm_source_register_device	stm_console.ko,stm_ftrace.ko
0x8097f8a7	stm_source_unregister_device	stm_console.ko,stm_ftrace.ko
0xa6d846bd	stm_source_write	stm_console.ko,stm_ftrace.ko
0xeb05441c	stm_unregister_device	coresight-stm.ko
0x57299113	stm_unregister_protocol	stm_p_basic.ko,stm_p_ost.ko
0xdfc04014	stop_machine	sched-walt.ko
0xbb4465d4	stop_one_cpu_nowait	sched-walt.ko
0xaafdc258	strcasecmp	ipam.ko,msm_drm.ko,qcom_esoc.ko
0x349cba85	strchr	msm_performance.ko,qca_cld3_adrastea.ko,rmnet_wlan.ko
0xceab0311	strchrnul	qca_cld3_adrastea.ko
0xe2d5255a	strcmp	adsp_loader_dlkm.ko,arm_smmu.ko,aw882xx_dlkm.ko...
0xe914e41e	strcpy	arm_smmu.ko,block2mtd.ko,camera.ko...
0x77bc13a0	strim	msm_drm.ko,qca_cld3_adrastea.ko
0xf9c0b663	strlcat	camera.ko,dcc_v2.ko,goodix_core.ko...
0x5792f848	strlcpy	adsp_loader_dlkm.ko,aw882xx_dlkm.ko,camera.ko...
0x98cf60b3	strlen	adsp_loader_dlkm.ko,arm_smmu.ko,aw882xx_dlkm.ko...
0x96b29254	strncasecmp	qca_cld3_adrastea.ko,qti_qmi_cdev.ko,qti_qmi_sensor_v2.ko...
0x4841bdee	strnchr	hyp_core_ctl.ko,msm_drm.ko,msm_performance.ko...
0x5a921311	strncmp	aw882xx_dlkm.ko,block2mtd.ko,fpc16xx.ko...
0x9166fada	strncpy	block2mtd.ko,cmd-db.ko,qti_battery_charger_main.ko
0x24428be5	strncpy_from_user	mem_buf.ko
0xa916b694	strnlen	block2mtd.ko,gh_virtio_backend.ko,goodix_core.ko...
0xc310b981	strnstr	aw882xx_dlkm.ko,camera.ko,cnss2.ko...
0x9a1dfd65	strpbrk	hyp_core_ctl.ko,lpass_cdc_tx_macro_dlkm.ko,lpass_cdc_va_macro_dlkm.ko...
0x9f984513	strrchr	block2mtd.ko,msm_drm.ko,phy-msm-snps-hs.ko...
0x7410aba2	strreplace	msm_drm.ko
0xdd64e639	strscpy	cpu_hotplug.ko,gpr_dlkm.ko,qca_cld3_adrastea.ko...
0xfbb8a761	strscpy_pad	qcom_glink.ko,qcom_smd.ko
0x85df9b6c	strsep	block2mtd.ko,camera.ko,goodix_core.ko...
0x1e6d26a8	strstr	aw882xx_dlkm.ko,fs19xx_dlkm.ko,goodix_core.ko...
0xbc2a01fc	subsystem_sleep_debug_enable	sys_pm_vx.ko
0x455da8d8	swr_connect_port	swr_dmic_dlkm.ko,swr_haptics_dlkm.ko,wcd937x_dlkm.ko...
0x41d8177c	swr_device_down	swr_ctrl_dlkm.ko
0x58032800	swr_device_up	swr_ctrl_dlkm.ko
0x8d1bee31	swr_device_wakeup_unvote	swr_haptics_dlkm.ko,wcd937x_dlkm.ko,wcd938x_dlkm.ko
0x3750fef1	swr_device_wakeup_vote	swr_haptics_dlkm.ko,wcd937x_dlkm.ko,wcd938x_dlkm.ko
0xfc3d74f4	swr_disconnect_port	swr_dmic_dlkm.ko,swr_haptics_dlkm.ko,wcd937x_dlkm.ko...
0x070238b2	swr_driver_register	swr_dmic_dlkm.ko,swr_haptics_dlkm.ko,wcd937x_slave_dlkm.ko...
0xfa379a22	swr_driver_unregister	swr_dmic_dlkm.ko,swr_haptics_dlkm.ko,wcd937x_slave_dlkm.ko...
0x31518149	swr_get_logical_dev_num	swr_dmic_dlkm.ko,swr_haptics_dlkm.ko,wcd937x_dlkm.ko...
0x4d8305ef	swr_init_port_params	swr_dmic_dlkm.ko,wcd937x_dlkm.ko,wcd938x_dlkm.ko
0xde72802d	swr_master_add_boarddevices	swr_ctrl_dlkm.ko
0xd1466e55	swr_port_response	swr_ctrl_dlkm.ko
0xad563e7d	swr_read	wcd938x_dlkm.ko
0x0f4fdc07	swr_register_master	swr_ctrl_dlkm.ko
0x5b664b91	swr_remove_device	swr_dmic_dlkm.ko,swr_haptics_dlkm.ko,wcd937x_slave_dlkm.ko...
0x541f657c	swr_remove_from_group	wsa881x_dlkm.ko,wsa883x_dlkm.ko
0x7e0044d7	swr_reset_device	swr_ctrl_dlkm.ko
0x9b7a80d5	swr_set_device_group	swr_ctrl_dlkm.ko,wsa883x_dlkm.ko
0x52c5ee4d	swr_slvdev_datapath_control	swr_dmic_dlkm.ko,swr_haptics_dlkm.ko,wcd937x_dlkm.ko...
0x6f498430	swr_unregister_master	swr_ctrl_dlkm.ko
0x14bb1d52	swrm_wcd_notify	lpass_cdc_rx_macro_dlkm.ko,lpass_cdc_va_macro_dlkm.ko,lpass_cdc_wsa2_macro_dlkm.ko...
0x0a19eb7f	sync_blockdev	block2mtd.ko
0x2a5161f9	sync_file_create	msm_drm.ko,msm_kgsl.ko,msm_video.ko...
0x4dca08ee	sync_file_get_fence	msm_drm.ko,msm_kgsl.ko,qcom_sync_file.ko
0xe523ad75	synchronize_irq	bwmon.ko,msm_drm.ko,sps_drv.ko
0x609f1c7e	synchronize_net	ipam.ko,mhi_dev_netdev.ko,qca_cld3_adrastea.ko...
0x6091797f	synchronize_rcu	cfg80211.ko,qmi_helpers.ko,rmnet_core.ko...
0x98b0243a	synchronize_srcu	stm_core.ko
0x127dc2c4	synx_deregister_ops	camera.ko
0xb40c7137	synx_get_status	msm-cvp.ko
0xcd56f629	synx_import	msm-cvp.ko
0x8f16b6a4	synx_initialize	msm-cvp.ko
0x539fd702	synx_register_ops	camera.ko
0x23465350	synx_release	msm-cvp.ko
0x9a5e29ff	synx_signal	msm-cvp.ko
0x19d93bd8	synx_uninitialize	msm-cvp.ko
0x0c094b1d	synx_wait	msm-cvp.ko
0xfe5d4bb2	sys_tz	msm_drm.ko,qca_cld3_adrastea.ko
0xe4428e2a	syscon_node_to_regmap	gdsc-regulator.ko,qcom_hwspinlock.ko,qcom_q6v5_adsp.ko...
0x482954a5	syscon_regmap_lookup_by_phandle	clk-qcom.ko,gdsc-regulator.ko
0x84da85bb	sysctl_sched_features	sched-walt.ko
0x10b62114	sysfs_add_file_to_group	coresight.ko
0xd114efeb	sysfs_add_link_to_group	coresight.ko
0x10d5b5f2	sysfs_create_bin_file	goodix_core.ko,msm_kgsl.ko,qfprom-sys.ko
0x4fc8c1b0	sysfs_create_file_ns	camera.ko,focaltech_3683g.ko,gh_ctrl.ko...
0x0315a6c1	sysfs_create_files	leds-qti-tri-led.ko,msm_kgsl.ko,mtd.ko
0xaa3caa56	sysfs_create_group	adsp_loader_dlkm.ko,aw882xx_dlkm.ko,camera.ko...
0xd026d214	sysfs_create_groups	msm_drm.ko
0xc01c8b87	sysfs_create_link	cfg80211.ko,cnss2.ko,coresight.ko...
0xe783e261	sysfs_emit	dwc3-msm.ko,qcom_q6v5_pas.ko,socinfo.ko...
0xd7fe759b	sysfs_notify	focaltech_fts.ko,machine_dlkm.ko,mi_thermal_interface.ko...
0xe2a9fbdd	sysfs_remove_bin_file	goodix_core.ko,msm_kgsl.ko,qfprom-sys.ko
0x491b1732	sysfs_remove_file_from_group	coresight.ko
0xefd0ee57	sysfs_remove_file_ns	camera.ko,focaltech_3683g.ko,gh_ctrl.ko...
0xa836e7d6	sysfs_remove_files	leds-qti-tri-led.ko,msm_kgsl.ko,mtd.ko
0xe8415b1d	sysfs_remove_group	adsp_loader_dlkm.ko,aw882xx_dlkm.ko,cdsp-loader.ko...
0x8ffa6d0a	sysfs_remove_groups	msm_drm.ko
0x9b2b597c	sysfs_remove_link	cfg80211.ko,cnss2.ko,coresight.ko...
0x3d2edd8e	sysfs_remove_link_from_group	coresight.ko
0x222e7ce2	sysfs_streq	dwc3-msm.ko,msm_kgsl.ko,qcom-dload-mode.ko...
0x4a17ed66	sysrq_mask	eud.ko,msm_geni_serial.ko
0xd4034828	system_freezable_wq	fsa4480-i2c.ko,lpass_cdc_tx_macro_dlkm.ko,lpass_cdc_va_macro_dlkm.ko...
0x7ab88a45	system_freezing_cnt	smcinvoke_mod.ko
0xcd91b127	system_highpri_wq	cpu_hotplug.ko,msm_qmp.ko,qcom-cpufreq-hw.ko...
0x47884890	system_power_efficient_wq	cfg80211.ko
0x015af7f4	system_state	pdr_interface.ko,qcom_sysmon.ko,rproc_qcom_common.ko
0xd4c14632	system_unbound_wq	dcvs_boost.ko,msm_kgsl.ko,qcom_wdt_core.ko...
0x2d3385d3	system_wq	adsp_loader_dlkm.ko,altmode-glink.ko,arm_smmu.ko...
0xf534ca10	task_active_pid_ns	msm_sysstats.ko
0xe034ed36	task_may_not_preempt	sched-walt.ko
0x2364c85a	tasklet_init	camera.ko,gpi.ko,ipam.ko...
0x0ea3c74e	tasklet_kill	bam_dma.ko,camera.ko,gpi.ko...
0xa07d1b3c	tasklet_setup	bam_dma.ko
0x673472ea	tasklist_lock	sched-walt.ko
0xd3fc8ec9	test_bus_enable_per_qupv3	i2c-msm-geni.ko
0x8ee87e71	test_bus_read_per_qupv3	i2c-msm-geni.ko
0x8e451d88	test_bus_select_per_qupv3	i2c-msm-geni.ko
0x211f3067	thermal_cooling_device_register	qti_cpufreq_cdev.ko,qti_devfreq_cdev.ko
0xb3aaf796	thermal_cooling_device_unregister	cdsprm.ko,cnss2.ko,cpu_hotplug.ko...
0x564fb8d2	thermal_of_cooling_device_register	cdsprm.ko,cnss2.ko,cpu_hotplug.ko...
0xfb2b43c1	thermal_pause_notifier_register	hyp_core_ctl.ko
0xe28b9a53	thermal_paused_cpumask	hyp_core_ctl.ko
0xb9d6f369	thermal_pressure	sched-walt.ko
0x12f3443b	thermal_zone_device_enable	bcl_pmic5.ko
0xa655d9b1	thermal_zone_device_register	bcl_pmic5.ko,qti_battery_charger_main.ko,wsa881x_dlkm.ko
0x45fb92db	thermal_zone_device_unregister	bcl_pmic5.ko,wsa881x_dlkm.ko
0x195d602a	thermal_zone_device_update	bcl_pmic5.ko,bcl_soc.ko,policy_engine.ko...
0xb187e086	thermal_zone_get_slope	qcom_tsens.ko
0xbb2aa579	thermal_zone_get_temp	btpower.ko,icnss2.ko,msm_kgsl.ko
0xf3095e0c	thermal_zone_get_zone_by_name	btpower.ko,icnss2.ko,msm_kgsl.ko
0x91f12448	thermal_zone_of_sensor_register	bcl_pmic5.ko,bcl_soc.ko,qti_qmi_sensor_v2.ko
0x7af676ea	thermal_zone_of_sensor_unregister	bcl_pmic5.ko,bcl_soc.ko,policy_engine.ko...
0x1939cb0f	tick_nohz_get_sleep_length	qcom_lpm.ko
0x0fff5afc	time64_to_tm	msm_drm.ko,mtdoops.ko,synx-driver.ko
0x233c0fe6	tme_hwkm_master_broadcast_transportkey	hwkm.ko
0x642e032e	to_mem_buf_vmperm	mem_buf.ko
0xea0dce63	topology_set_thermal_pressure	qcom-cpufreq-hw.ko
0xc7b3d143	topology_update_done	sched-walt.ko
0x94f82081	total_swapcache_pages	minidump.ko,msm_sysstats.ko
0x3055580c	trace_array_put	msm_kgsl.ko
0xda4276e7	trace_event_buffer_commit	arm_smmu.ko,camera.ko,cfg80211.ko...
0x90b21669	trace_event_buffer_reserve	arm_smmu.ko,camera.ko,cfg80211.ko...
0x72b15a7c	trace_event_ignore_this_pid	arm_smmu.ko,camera.ko,cfg80211.ko...
0xe79bbd92	trace_event_raw_init	arm_smmu.ko,camera.ko,cfg80211.ko...
0x9939f2b0	trace_event_reg	arm_smmu.ko,camera.ko,cfg80211.ko...
0x7381287f	trace_handle_return	arm_smmu.ko,camera.ko,cfg80211.ko...
0xc3bc72ad	trace_print_array_seq	cfg80211.ko,mem_buf_dev.ko,rmnet_core.ko...
0x99078b39	trace_print_flags_seq	msm_kgsl.ko
0xe02ba436	trace_print_hex_seq	rmnet_core.ko
0xcc5c2df4	trace_print_symbols_seq	msm_kgsl.ko,smcinvoke_mod.ko
0xb4304cd8	trace_raw_output_prep	arm_smmu.ko,camera.ko,cfg80211.ko...
0x525d0aa3	trace_seq_printf	arm_smmu.ko,camera.ko,cfg80211.ko...
0x1b5f4377	trace_seq_putc	sched-walt.ko
0x95e102ab	tracepoint_probe_register	bwmon.ko,hung_task_enh.ko,icnss2.ko...
0x9b70c6ff	tracepoint_probe_register_prio	msm_show_resume_irq.ko,qcom_lpm.ko
0xdbeeece6	tracepoint_probe_unregister	hung_task_enh.ko,icnss2.ko,qcom-pmu-lib.ko...
0x7944e0fc	tracing_off	msm_drm.ko
0x36505ade	try_module_get	chipreg.ko,coresight.ko,msm_11ad_proxy.ko...
0x21ef374c	try_wait_for_completion	frpc-adsprpc.ko,qcom_sysmon.ko
0x6c7685af	tty_flip_buffer_push	eud.ko,msm_geni_serial.ko
0x80545e76	tty_insert_flip_string_fixed_flag	msm_geni_serial.ko
0xe1e2a5b4	typec_register_partner	qti_battery_charger_main.ko
0xac96441a	typec_register_port	qti_battery_charger_main.ko
0x5f2c6469	typec_set_data_role	qti_battery_charger_main.ko
0x7e2998e7	typec_set_pwr_role	qti_battery_charger_main.ko
0x9cad8da6	typec_unregister_partner	qti_battery_charger_main.ko
0xda0a9c4c	typec_unregister_port	qti_battery_charger_main.ko
0x54db86b9	uart_add_one_port	eud.ko,msm_geni_serial.ko
0x4adf7e70	uart_console_device	msm_geni_serial.ko
0x87ff7df9	uart_console_write	msm_geni_serial.ko
0x8b45fcdf	uart_get_baud_rate	msm_geni_serial.ko
0x54a8baed	uart_insert_char	eud.ko
0x4f72a987	uart_parse_options	msm_geni_serial.ko
0x20fdd28c	uart_register_driver	eud.ko,msm_geni_serial.ko
0xc60d521f	uart_remove_one_port	eud.ko,msm_geni_serial.ko
0x8a358b9f	uart_resume_port	msm_geni_serial.ko
0xc002464f	uart_set_options	msm_geni_serial.ko
0x409bbb8e	uart_suspend_port	msm_geni_serial.ko
0xa41eebb5	uart_try_toggle_sysrq	eud.ko,msm_geni_serial.ko
0xf44a4b9c	uart_unregister_driver	eud.ko,msm_geni_serial.ko
0x97051f87	uart_update_timeout	msm_geni_serial.ko
0xf13303e4	uart_write_wakeup	msm_geni_serial.ko
0x2186ec81	uclamp_eff_value	sched-walt.ko
0x2bc68062	ucsi_connector_change	ucsi_glink.ko
0x63787739	ucsi_create	ucsi_glink.ko
0x7a43bc71	ucsi_destroy	ucsi_glink.ko
0xc4603ca2	ucsi_get_drvdata	ucsi_glink.ko
0x14fc3d73	ucsi_register	ucsi_glink.ko
0xef5d6ceb	ucsi_set_drvdata	ucsi_glink.ko
0x494fa142	ucsi_unregister	ucsi_glink.ko
0x064222d9	ufs_qcom_phy_calibrate	phy-qcom-ufs-qmp-14nm.ko,phy-qcom-ufs-qrbtc-sdm845.ko
0x41f04916	ufs_qcom_phy_ctrl_rx_linecfg	ufs_qcom.ko
0x78b43138	ufs_qcom_phy_dbg_register_dump	ufs_qcom.ko
0xba57266f	ufs_qcom_phy_dump_regs	phy-qcom-ufs-qmp-v3.ko,phy-qcom-ufs-qmp-v4-anarok.ko,phy-qcom-ufs-qmp-v4-cape.ko...
0xa174bdbd	ufs_qcom_phy_generic_probe	phy-qcom-ufs-qmp-14nm.ko,phy-qcom-ufs-qmp-v3.ko,phy-qcom-ufs-qmp-v4-anarok.ko...
0xa696f819	ufs_qcom_phy_get_reset	phy-qcom-ufs-qmp-v3.ko,phy-qcom-ufs-qmp-v4-anarok.ko,phy-qcom-ufs-qmp-v4-cape.ko...
0x23eed4ab	ufs_qcom_phy_init_clks	phy-qcom-ufs-qmp-14nm.ko,phy-qcom-ufs-qmp-v3.ko,phy-qcom-ufs-qmp-v4-anarok.ko...
0xd660de79	ufs_qcom_phy_init_vregulators	phy-qcom-ufs-qmp-14nm.ko,phy-qcom-ufs-qmp-v3.ko,phy-qcom-ufs-qmp-v4-anarok.ko...
0x461824bf	ufs_qcom_phy_power_off	phy-qcom-ufs-qmp-14nm.ko,phy-qcom-ufs-qmp-v3.ko,phy-qcom-ufs-qmp-v4-anarok.ko...
0xbccb581c	ufs_qcom_phy_power_on	phy-qcom-ufs-qmp-14nm.ko,phy-qcom-ufs-qmp-v3.ko,phy-qcom-ufs-qmp-v4-anarok.ko...
0x551ea9c2	ufs_qcom_phy_set_src_clk_h8_enter	ufs_qcom.ko
0x4fdc7edd	ufs_qcom_phy_set_src_clk_h8_exit	ufs_qcom.ko
0x0cb80bbc	ufs_qcom_phy_set_tx_lane_enable	ufs_qcom.ko
0x670b9632	ufs_qcom_phy_write_tbl	phy-qcom-ufs-qmp-v3.ko,phy-qcom-ufs-qmp-v4-anarok.ko,phy-qcom-ufs-qmp-v4-cape.ko...
0x655de6d3	ufshcd_auto_hibern8_update	ufs_qcom.ko
0xeca23b90	ufshcd_dme_get_attr	ufs_qcom.ko
0xfd25511e	ufshcd_dme_set_attr	ufs_qcom.ko
0xacc625de	ufshcd_dump_regs	ufs_qcom.ko
0xd4f4154a	ufshcd_fixup_dev_quirks	ufs_qcom.ko
0x394883ac	ufshcd_get_local_unipro_ver	ufs_qcom.ko
0xf9f87a2d	ufshcd_hold	ufs_qcom.ko,ufshcd-crypto-qti.ko
0xbd48ba40	ufshcd_pltfrm_init	ufs_qcom.ko
0x7a9a70af	ufshcd_pltfrm_resume	ufs_qcom.ko
0x22de73b4	ufshcd_pltfrm_runtime_idle	ufs_qcom.ko
0x7dc1519a	ufshcd_pltfrm_runtime_resume	ufs_qcom.ko
0x4d556e99	ufshcd_pltfrm_runtime_suspend	ufs_qcom.ko
0x1be1f19b	ufshcd_pltfrm_suspend	ufs_qcom.ko
0x8360b8e1	ufshcd_qti_hba_init_crypto_capabilities	ufs_qcom.ko
0xd97adffe	ufshcd_query_attr	ufs_qcom.ko
0x317d0478	ufshcd_query_descriptor_retry	ufs_qcom.ko
0x5412f73f	ufshcd_query_flag	ufs_qcom.ko
0x94be9781	ufshcd_release	ufs_qcom.ko,ufshcd-crypto-qti.ko
0xe7e54b4d	ufshcd_remove	ufs_qcom.ko
0x3b63dc4d	ufshcd_shutdown	ufs_qcom.ko
0xdee10afe	ufshcd_uic_hibern8_enter	ufs_qcom.ko
0xf00350ef	ufshcd_uic_hibern8_exit	ufs_qcom.ko
0x8c45317e	uio_unregister_device	msm_sharedmem.ko
0xc2b09a26	unlock_page	block2mtd.ko,zsmalloc.ko
0x812f15a4	unmap_mapping_range	msm_drm.ko
0xb5a459dc	unregister_blkdev	mtd_blkdevs.ko,zram.ko
0x6091b333	unregister_chrdev_region	audio_pkt_dlkm.ko,audpkt_ion_dlkm.ko,coresight-tmc.ko...
0x2d1996a9	unregister_console	stm_console.ko
0x121d958a	unregister_die_notifier	qcom_wdt_core.ko
0x81f372a2	unregister_ftrace_export	stm_ftrace.ko
0x16d662d9	unregister_hboost_event_notifier	qcom-hv-haptics.ko
0x2fe252cc	unregister_inet6addr_notifier	qca_cld3_adrastea.ko,rmnet_core.ko
0xfe029963	unregister_inetaddr_notifier	qca_cld3_adrastea.ko,rmnet_core.ko
0x8ea54251	unregister_kretprobe	dwc3-msm.ko
0x96980c12	unregister_mtd_user	mtd_blkdevs.ko,mtdoops.ko
0xa97100cf	unregister_netdev	ipam.ko,mhi_dev_netdev.ko,qca_cld3_adrastea.ko...
0x9fdecc31	unregister_netdevice_many	rmnet_core.ko
0x9d0d6206	unregister_netdevice_notifier	cfg80211.ko,qca_cld3_adrastea.ko,rmnet_aps.ko...
0x46d711bc	unregister_netdevice_queue	qca_cld3_adrastea.ko,rmnet_core.ko,wil6210.ko
0x4fe1eddf	unregister_netevent_notifier	qca_cld3_adrastea.ko
0xc617f82c	unregister_oom_notifier	rmnet_shs.ko
0x5e8f0403	unregister_pernet_device	cfg80211.ko
0x7681946c	unregister_pm_notifier	cnss2.ko,ipam.ko,qti_qmi_sensor_v2.ko...
0x89b60a3b	unregister_qdisc	rmnet_sch.ko
0xac1a55be	unregister_reboot_notifier	cnss2.ko,mtd.ko,mtdoops.ko...
0x40d59096	unregister_restart_handler	pinctrl-msm.ko,qcom_wdt_core.ko
0x31c8e272	unregister_rpmsg_driver	cdsprm.ko,frpc-adsprpc.ko,glink_pkt.ko...
0x07289c89	unregister_shrinker	msm_kgsl.ko,zsmalloc.ko
0xd691c6a9	unregister_sysctl_table	hung_task_enh.ko,qca_cld3_adrastea.ko
0xf8c1938f	unregister_ucsi_glink_notifier	fsa4480-i2c.ko
0x835c640b	unregister_xiaomi_touch_client	goodix_core.ko
0xcf2a6966	up	camera.ko
0x6b50e951	up_read	camera.ko,cnss2.ko,frpc-adsprpc.ko...
0x20d81059	up_write	camera.ko,cnss2.ko,pmic_glink.ko...
0x81c78e3f	update_devfreq	msm_kgsl.ko
0x4e38d984	update_rq_clock	sched-walt.ko
0xcfba1162	usb_add_phy_dev	phy-generic.ko,phy-msm-snps-hs.ko,phy-msm-ssusb-qmp.ko...
0xe3356712	usb_alloc_coherent	snd-usb-audio-qmi.ko
0x7a4ba182	usb_alloc_dev	lvstest.ko
0x3e498793	usb_alloc_urb	lvstest.ko
0x8b54e014	usb_assign_descriptors	usb_f_ccid.ko,usb_f_cdev.ko,usb_f_diag.ko...
0x7803609d	usb_bam_alloc_fifos	usb_f_qdss.ko
0x69d80ab0	usb_bam_connect	usb_f_qdss.ko
0xe7838d88	usb_bam_disconnect_pipe	usb_f_qdss.ko
0x1ba2ffc4	usb_bam_free_fifos	usb_f_qdss.ko
0xca94d11c	usb_bam_get_bam_type	usb_f_qdss.ko
0xb9793ee5	usb_bam_get_connection_idx	usb_f_qdss.ko
0xf9082baf	usb_composite_setup_continue	usb_f_gsi.ko
0xcd484eb7	usb_control_msg	ehset.ko,lvstest.ko
0x4531624f	usb_decode_ctrl	dwc3-msm.ko
0x3713f090	usb_deregister	asix.ko,ax88179_178a.ko,ehset.ko...
0x880d48e4	usb_ep_alloc_request	usb_f_ccid.ko,usb_f_cdev.ko,usb_f_diag.ko...
0x70832c42	usb_ep_autoconfig	usb_f_ccid.ko,usb_f_cdev.ko,usb_f_diag.ko...
0xbadfaba7	usb_ep_dequeue	usb_f_ccid.ko,usb_f_qdss.ko
0x1aec8cdd	usb_ep_disable	usb_f_ccid.ko,usb_f_cdev.ko,usb_f_diag.ko...
0x2dbea237	usb_ep_enable	usb_f_ccid.ko,usb_f_cdev.ko,usb_f_diag.ko...
0x1d6766db	usb_ep_free_request	usb_f_ccid.ko,usb_f_cdev.ko,usb_f_diag.ko...
0xd4616fc7	usb_ep_queue	usb_f_ccid.ko,usb_f_cdev.ko,usb_f_diag.ko...
0x8310b89e	usb_ep_set_halt	usb_f_cdev.ko,usb_f_gsi.ko
0x8eae8dfd	usb_find_common_endpoints	lvstest.ko
0x46d166aa	usb_free_all_descriptors	usb_f_ccid.ko,usb_f_cdev.ko,usb_f_diag.ko...
0x49338ae3	usb_free_coherent	snd-usb-audio-qmi.ko
0xca0bf864	usb_free_urb	lvstest.ko
0x0f3a28dd	usb_function_register	usb_f_ccid.ko,usb_f_cdev.ko,usb_f_diag.ko...
0x012df4f3	usb_function_unregister	usb_f_ccid.ko,usb_f_cdev.ko,usb_f_diag.ko...
0x1e6d7696	usb_gadget_connect	dwc3-msm.ko
0x6226724f	usb_gadget_disconnect	dwc3-msm.ko
0xcedd2b6e	usb_gadget_wakeup	dwc3-msm.ko,usb_f_gsi.ko
0xcc18a48f	usb_gsi_ep_op	usb_f_gsi.ko
0x339c813f	usb_ifnum_to_if	snd-usb-audio-qmi.ko
0x574f51d3	usb_interface_id	usb_f_ccid.ko,usb_f_cdev.ko,usb_f_diag.ko...
0x9c1af30f	usb_phy_set_charger_current	dwc3-msm.ko
0xb2484436	usb_poison_urb	lvstest.ko
0xfce881f4	usb_put_dev	lvstest.ko
0x15993252	usb_put_function_instance	usb_f_ccid.ko,usb_f_cdev.ko,usb_f_diag.ko...
0x3a9661c9	usb_qdss_alloc_req	coresight-tmc.ko,qdss_bridge.ko
0xa3d8f896	usb_qdss_close	coresight-tmc.ko,qdss_bridge.ko
0x10fbf98f	usb_qdss_free_req	coresight-tmc.ko,qdss_bridge.ko
0xa9291910	usb_qdss_open	coresight-tmc.ko,qdss_bridge.ko
0x16b296f3	usb_qdss_write	coresight-tmc.ko,qdss_bridge.ko
0x8ef88460	usb_register_driver	asix.ko,ax88179_178a.ko,ehset.ko...
0x89bbafc6	usb_register_notify	dwc3-msm.ko
0xf6d7a707	usb_remove_phy	phy-generic.ko,phy-msm-snps-hs.ko,phy-msm-ssusb-qmp.ko...
0x7652f247	usb_role_switch_find_by_fwnode	dwc3-msm.ko
0x1690b503	usb_role_switch_get_drvdata	dwc3-msm.ko
0xd918957c	usb_role_switch_register	dwc3-msm.ko
0xd5474690	usb_role_switch_set_role	dwc3-msm.ko
0x2882d40e	usb_role_switch_unregister	dwc3-msm.ko
0xa9ef828c	usb_set_device_state	lvstest.ko
0x77ae495d	usb_speed_string	dwc3-msm.ko
0xd63d6baf	usb_string_id	usb_f_cdev.ko,usb_f_gsi.ko,usb_f_qdss.ko
0x7e007410	usb_submit_urb	lvstest.ko
0x811dc334	usb_unregister_notify	dwc3-msm.ko
0x29b080fc	usbnet_change_mtu	asix.ko
0x0ff76f05	usbnet_disconnect	asix.ko,ax88179_178a.ko
0xc9eac17c	usbnet_get_drvinfo	asix.ko
0xf4f15b5b	usbnet_get_endpoints	asix.ko,ax88179_178a.ko
0xd7a67954	usbnet_get_link	asix.ko
0x380a7431	usbnet_get_link_ksettings	asix.ko
0xf3d72f22	usbnet_get_msglevel	asix.ko,ax88179_178a.ko
0x215193d5	usbnet_get_stats64	asix.ko,ax88179_178a.ko
0xb1cd063c	usbnet_link_change	asix.ko,ax88179_178a.ko
0x6c1511e8	usbnet_nway_reset	asix.ko,ax88179_178a.ko
0xc3a67b97	usbnet_open	asix.ko,ax88179_178a.ko
0xde28ecc9	usbnet_probe	asix.ko,ax88179_178a.ko
0x2964220d	usbnet_read_cmd	asix.ko,ax88179_178a.ko
0x8e53eb27	usbnet_read_cmd_nopm	asix.ko,ax88179_178a.ko
0xb8a6dd7e	usbnet_resume	asix.ko,ax88179_178a.ko
0x7259d95e	usbnet_set_link_ksettings	asix.ko
0x7f387937	usbnet_set_msglevel	asix.ko,ax88179_178a.ko
0xcdd5b8b2	usbnet_skb_return	asix.ko,ax88179_178a.ko
0xf39235cd	usbnet_start_xmit	asix.ko,ax88179_178a.ko
0xf92f93f3	usbnet_stop	asix.ko,ax88179_178a.ko
0x075b826b	usbnet_suspend	asix.ko,ax88179_178a.ko
0x2c5d3733	usbnet_tx_timeout	asix.ko,ax88179_178a.ko
0x29e590f9	usbnet_unlink_rx_urbs	asix.ko
0xa88a6b99	usbnet_update_max_qlen	asix.ko,ax88179_178a.ko
0x6df8715a	usbnet_write_cmd	asix.ko,ax88179_178a.ko
0x3e2f2f49	usbnet_write_cmd_async	asix.ko,ax88179_178a.ko
0x2ccb9d2d	usbnet_write_cmd_nopm	asix.ko,ax88179_178a.ko
0x12a38747	usleep_range	asix.ko,aw882xx_dlkm.ko,bt_fm_slim.ko...
0xb67fec0e	uuid_parse	gh_rm_drv.ko
0xb1161c5e	v4l2_compat_ioctl32	radio-i2c-rtc6226-qca.ko
0xe52b7238	v4l2_ctrl_find	msm_video.ko
0xb955ffde	v4l2_ctrl_handler_free	msm_drm.ko,msm_video.ko,radio-i2c-rtc6226-qca.ko
0x48598beb	v4l2_ctrl_handler_init_class	msm_drm.ko,msm_video.ko
0xfe70f9dd	v4l2_ctrl_handler_setup	msm_drm.ko
0xbef09d5c	v4l2_ctrl_new_custom	msm_drm.ko,msm_video.ko
0x3da5d575	v4l2_ctrl_new_std	msm_drm.ko,msm_video.ko
0x663d2402	v4l2_ctrl_new_std_menu	msm_video.ko
0x6cd98629	v4l2_device_register	camera.ko,msm_drm.ko,msm_video.ko...
0x385661da	v4l2_device_register_subdev	camera.ko
0xe690bb6b	v4l2_device_unregister	camera.ko,msm_drm.ko,msm_video.ko...
0x1ddcdfef	v4l2_device_unregister_subdev	camera.ko
0xcb01d998	v4l2_event_dequeue	msm_video.ko
0x3a54f024	v4l2_event_pending	camera.ko,msm_video.ko
0x9a178788	v4l2_event_queue	camera.ko
0x972d372d	v4l2_event_queue_fh	msm_video.ko
0x1d367307	v4l2_event_subscribe	camera.ko,msm_video.ko
0x9f4125f7	v4l2_event_unsubscribe	camera.ko,msm_video.ko
0xd9db2e55	v4l2_fh_add	msm_drm.ko,msm_video.ko
0x8a86946c	v4l2_fh_del	msm_drm.ko,msm_video.ko
0xb007f7ca	v4l2_fh_exit	msm_drm.ko,msm_video.ko
0x35d6e3e8	v4l2_fh_init	msm_drm.ko,msm_video.ko
0x45171035	v4l2_fh_open	camera.ko
0x69a9a3ab	v4l2_fh_release	camera.ko
0x8b075cad	v4l2_m2m_buf_queue	msm_drm.ko
0xd0d42e4c	v4l2_m2m_buf_remove	msm_drm.ko
0x49354d39	v4l2_m2m_ctx_init	msm_drm.ko
0x04b7ae0c	v4l2_m2m_ctx_release	msm_drm.ko
0x35202f21	v4l2_m2m_dqbuf	msm_drm.ko
0xd82fa258	v4l2_m2m_get_vq	msm_drm.ko
0x730f2eae	v4l2_m2m_init	msm_drm.ko
0x589c9e9f	v4l2_m2m_job_finish	msm_drm.ko
0xdc783b70	v4l2_m2m_next_buf	msm_drm.ko
0x0be15335	v4l2_m2m_poll	msm_drm.ko
0xffdfd145	v4l2_m2m_qbuf	msm_drm.ko
0xa210f387	v4l2_m2m_querybuf	msm_drm.ko
0xc6fca5ad	v4l2_m2m_release	msm_drm.ko
0xd4345c6e	v4l2_m2m_reqbufs	msm_drm.ko
0xfc5be2fd	v4l2_m2m_streamoff	msm_drm.ko
0x33162a83	v4l2_m2m_streamon	msm_drm.ko
0x8ff063ec	v4l2_m2m_try_schedule	msm_drm.ko
0x81f0747c	v4l2_s_ctrl	msm_video.ko
0x79ef8d9e	v4l2_subdev_call_wrappers	camera.ko
0x6a0a6a61	v4l2_subdev_init	camera.ko
0xc56a41e6	vabits_actual	arm_smmu.ko,camera.ko,cfg80211.ko...
0x171bbe32	vb2_buffer_done	msm_drm.ko,msm_video.ko
0x189bbdb6	vb2_dqbuf	msm_video.ko
0xb43f5074	vb2_ops_wait_finish	msm_drm.ko
0x4517b427	vb2_ops_wait_prepare	msm_drm.ko
0xb579f1b3	vb2_qbuf	msm_video.ko
0xe690b40a	vb2_queue_init	msm_drm.ko,msm_video.ko
0x444004dd	vb2_queue_release	msm_video.ko
0x7328de08	vb2_reqbufs	msm_video.ko
0x19d4eba6	vb2_streamoff	msm_video.ko
0x1bd32790	vb2_streamon	msm_video.ko
0x5b3ba886	vchan_dma_desc_free_list	bam_dma.ko,gpi.ko
0xaf3e8b73	vchan_find_desc	bam_dma.ko
0xcfce6cca	vchan_init	bam_dma.ko,gpi.ko
0x1071689b	vchan_tx_desc_free	bam_dma.ko,gpi.ko
0x8daa6aeb	vchan_tx_submit	bam_dma.ko,gpi.ko
0x02c33200	verify_pkcs7_signature	cfg80211.ko
0x999e8297	vfree	aw882xx_dlkm.ko,camera.ko,coresight-tmc.ko...
0x04207749	video_devdata	camera.ko,msm_drm.ko,msm_video.ko...
0xa0b2d8ce	video_device_alloc	camera.ko,msm_drm.ko
0x284b3c6c	video_device_release	camera.ko,msm_drm.ko
0xf068dddb	video_device_release_empty	camera.ko,radio-i2c-rtc6226-qca.ko
0x7207d3a9	video_ioctl2	camera.ko,msm_drm.ko,msm_video.ko...
0xa16f80e7	video_unregister_device	camera.ko,msm_drm.ko,msm_video.ko...
0x2c91e17c	vm_get_page_prot	msm_drm.ko
0xf63a5071	vm_insert_page	msm_kgsl.ko
0xf649827c	vm_iomap_memory	ipam.ko,stm_core.ko
0x4d5c563e	vm_map_pages	qcom_iommu_util.ko
0x6513ba54	vm_node_stat	minidump.ko,msm_sysstats.ko
0x02ba1187	vm_zone_stat	minidump.ko,msm_sysstats.ko
0xd6ee688f	vmalloc	camera.ko,coresight-tmc.ko,focaltech_3683g.ko...
0x7ccb0ada	vmalloc_nr_pages	msm_sysstats.ko
0x5e0556c0	vmalloc_to_page	minidump.ko,qca_cld3_adrastea.ko,qcom_iommu_util.ko
0x3744cf36	vmalloc_to_pfn	qcom_iommu_util.ko
0x1270d593	vmap	coresight-tmc.ko,msm_drm.ko,msm_kgsl.ko...
0x90576ec4	vmemdup_user	ipam.ko
0xe507fb4f	vmf_insert_mixed	msm_drm.ko
0x79d7c537	vmf_insert_pfn	msm_kgsl.ko
0x715a5ed0	vprintk	camera.ko,qca_cld3_adrastea.ko
0xaa0c318b	vscnprintf	camera.ko,qca_cld3_adrastea.ko
0x00148653	vsnprintf	camera.ko,i2c-msm-geni.ko,msm-geni-se.ko...
0x94961283	vunmap	coresight-tmc.ko,msm_drm.ko,msm_kgsl.ko...
0x40a9b349	vzalloc	aw882xx_dlkm.ko,camera.ko,ipam.ko...
0x25974000	wait_for_completion	camera.ko,cdsprm.ko,cnss2.ko...
0x2e3bcce2	wait_for_completion_interruptible	cnss2.ko,focaltech_fts.ko,frpc-adsprpc.ko...
0xf02aa937	wait_for_completion_interruptible_timeout	glink_pkt.ko,slim-qcom-ngd-ctrl.ko
0x20463df4	wait_for_completion_killable	cnss2.ko
0x4a3ad70e	wait_for_completion_timeout	altmode-glink.ko,camera.ko,cnss2.ko...
0x4484a5a4	wait_for_device_probe	block2mtd.ko
0xbadfcacf	wait_on_page_bit	zsmalloc.ko
0xb308c97d	wait_woken	ipam.ko
0xf6abaae1	wake_up_if_idle	qcom_lpm.ko,sched-walt.ko
0xf1b48dad	wake_up_process	camera.ko,cdsprm.ko,gh_rm_drv.ko...
0xc8f57c94	wakeup_source_register	camera.ko,cnss2.ko,focaltech_3683g.ko...
0x720f91c0	wakeup_source_unregister	camera.ko,cnss2.ko,focaltech_3683g.ko...
0x887d656c	walt_pause_cpus	hyp_core_ctl.ko,thermal_pause.ko
0x5fb43d01	walt_resume_cpus	hyp_core_ctl.ko,thermal_pause.ko
0xf22805bf	wcd_cal_create_hwdep	wcd937x_dlkm.ko,wcd938x_dlkm.ko
0xcd85cd4a	wcd_cls_h_fsm	wcd937x_dlkm.ko,wcd938x_dlkm.ko
0x9df709eb	wcd_cls_h_init	wcd937x_dlkm.ko,wcd938x_dlkm.ko
0x72ebb6e9	wcd_clsh_set_hph_mode	wcd938x_dlkm.ko
0xbb2d6a5c	wcd_disable_irq	wcd937x_dlkm.ko,wcd938x_dlkm.ko,wsa883x_dlkm.ko
0x948cf083	wcd_enable_irq	wcd937x_dlkm.ko,wcd938x_dlkm.ko,wsa883x_dlkm.ko
0x452ba7f7	wcd_free_irq	wcd937x_dlkm.ko,wcd938x_dlkm.ko,wsa883x_dlkm.ko
0xd84aea48	wcd_irq_exit	wcd937x_dlkm.ko,wcd938x_dlkm.ko,wsa883x_dlkm.ko
0x86d262bc	wcd_irq_init	wcd937x_dlkm.ko,wcd938x_dlkm.ko,wsa883x_dlkm.ko
0x98438137	wcd_mbhc_deinit	wcd937x_dlkm.ko,wcd938x_dlkm.ko
0x56fbd849	wcd_mbhc_get_impedance	wcd937x_dlkm.ko,wcd938x_dlkm.ko
0x4c44daeb	wcd_mbhc_init	wcd937x_dlkm.ko,wcd938x_dlkm.ko
0xf64f5aef	wcd_mbhc_start	wcd937x_dlkm.ko,wcd938x_dlkm.ko
0x8879754d	wcd_mbhc_stop	wcd937x_dlkm.ko,wcd938x_dlkm.ko
0x429e1957	wcd_request_irq	wcd937x_dlkm.ko,wcd938x_dlkm.ko,wsa883x_dlkm.ko
0xd4bec748	wcd937x_codec_get_dev_num	machine_dlkm.ko
0x09ebaaf2	wcd937x_get_codec_variant	machine_dlkm.ko
0xf8f3721c	wcd937x_info_create_codec_entry	machine_dlkm.ko
0x8e03b15d	wcd937x_mbhc_hs_detect	machine_dlkm.ko
0x373e68fa	wcd938x_codec_force_enable_micbias_v2	swr_dmic_dlkm.ko
0xed4a22eb	wcd938x_codec_get_dev_num	machine_dlkm.ko
0x301f4f51	wcd938x_get_codec_variant	machine_dlkm.ko
0x164f91be	wcd938x_info_create_codec_entry	machine_dlkm.ko
0xefb411bd	wcd938x_mbhc_hs_detect	machine_dlkm.ko
0x5476bcb1	wcd938x_swr_dmic_register_notifier	swr_dmic_dlkm.ko
0x77396a32	wcdcal_get_fw_cal	wcd937x_dlkm.ko,wcd938x_dlkm.ko
0xdff15e8a	wcnss_prealloc_get	qca_cld3_adrastea.ko
0x0521fc53	wcnss_prealloc_put	qca_cld3_adrastea.ko
0x5e97829f	wiphy_free	qca_cld3_adrastea.ko,wil6210.ko
0xac389d85	wiphy_new_nm	qca_cld3_adrastea.ko,wil6210.ko
0x4d2abffe	wiphy_register	qca_cld3_adrastea.ko,wil6210.ko
0xca357b06	wiphy_unregister	qca_cld3_adrastea.ko,wil6210.ko
0x1e8fac8e	wireless_nlevent_flush	cfg80211.ko
0x5535f68b	wireless_send_event	qca_cld3_adrastea.ko
0x33c73954	wlfw_antenna_grant_req_msg_v01_ei	cnss2.ko
0x5a19eae1	wlfw_antenna_grant_resp_msg_v01_ei	cnss2.ko
0x91f4dfdb	wlfw_antenna_switch_req_msg_v01_ei	cnss2.ko
0x27bc47b6	wlfw_antenna_switch_resp_msg_v01_ei	cnss2.ko
0x57d2f778	wlfw_athdiag_read_req_msg_v01_ei	cnss2.ko,icnss2.ko
0x68a593cc	wlfw_athdiag_read_resp_msg_v01_ei	cnss2.ko,icnss2.ko
0x9e1cfa12	wlfw_athdiag_write_req_msg_v01_ei	cnss2.ko,icnss2.ko
0xc50bd587	wlfw_athdiag_write_resp_msg_v01_ei	cnss2.ko,icnss2.ko
0xf9f95072	wlfw_bdf_download_req_msg_v01_ei	cnss2.ko,icnss2.ko
0x88de5175	wlfw_bdf_download_resp_msg_v01_ei	cnss2.ko,icnss2.ko
0x82d5a295	wlfw_cal_done_ind_msg_v01_ei	cnss2.ko,icnss2.ko
0x39ee68dc	wlfw_cal_report_req_msg_v01_ei	cnss2.ko,icnss2.ko
0xb970c8a2	wlfw_cal_report_resp_msg_v01_ei	cnss2.ko,icnss2.ko
0xf93473cd	wlfw_cap_req_msg_v01_ei	cnss2.ko,icnss2.ko
0xd300324b	wlfw_cap_resp_msg_v01_ei	cnss2.ko,icnss2.ko
0x7c0786d6	wlfw_device_info_req_msg_v01_ei	icnss2.ko
0x59e0c852	wlfw_device_info_resp_msg_v01_ei	icnss2.ko
0x20ffae1a	wlfw_dynamic_feature_mask_req_msg_v01_ei	cnss2.ko,icnss2.ko
0xcb6ebee1	wlfw_dynamic_feature_mask_resp_msg_v01_ei	cnss2.ko,icnss2.ko
0x1ae65c6b	wlfw_fw_init_done_ind_msg_v01_ei	cnss2.ko,icnss2.ko
0x4eaa6981	wlfw_fw_mem_ready_ind_msg_v01_ei	cnss2.ko
0xf5f3f81b	wlfw_fw_ready_ind_msg_v01_ei	cnss2.ko,icnss2.ko
0x648deec0	wlfw_get_info_req_msg_v01_ei	cnss2.ko,icnss2.ko
0xad2cf76b	wlfw_get_info_resp_msg_v01_ei	cnss2.ko,icnss2.ko
0xcb847d99	wlfw_host_cap_req_msg_v01_ei	cnss2.ko,icnss2.ko
0xbf3417a8	wlfw_host_cap_resp_msg_v01_ei	cnss2.ko,icnss2.ko
0xae90a96c	wlfw_ind_register_req_msg_v01_ei	cnss2.ko,icnss2.ko
0x728605ef	wlfw_ind_register_resp_msg_v01_ei	cnss2.ko,icnss2.ko
0x555fb702	wlfw_ini_file_download_req_msg_v01_ei	cnss2.ko
0xd87786ae	wlfw_ini_file_download_resp_msg_v01_ei	cnss2.ko
0x394d6346	wlfw_ini_req_msg_v01_ei	cnss2.ko,icnss2.ko
0xa9aa11f3	wlfw_ini_resp_msg_v01_ei	cnss2.ko,icnss2.ko
0xf9807164	wlfw_m3_dump_upload_done_req_msg_v01_ei	icnss2.ko
0x7c0a9d05	wlfw_m3_dump_upload_done_resp_msg_v01_ei	icnss2.ko
0x285b5d6e	wlfw_m3_dump_upload_segments_req_ind_msg_v01_ei	icnss2.ko
0x50f7baa5	wlfw_m3_info_req_msg_v01_ei	cnss2.ko
0x90c018e8	wlfw_m3_info_resp_msg_v01_ei	cnss2.ko
0x8bde4e47	wlfw_mac_addr_req_msg_v01_ei	cnss2.ko,icnss2.ko
0xde1fb248	wlfw_mac_addr_resp_msg_v01_ei	cnss2.ko,icnss2.ko
0xefbf61b1	wlfw_msa_info_req_msg_v01_ei	icnss2.ko
0x8aa5844e	wlfw_msa_info_resp_msg_v01_ei	icnss2.ko
0x23054b22	wlfw_msa_ready_ind_msg_v01_ei	icnss2.ko
0x8498ed9b	wlfw_msa_ready_req_msg_v01_ei	icnss2.ko
0x51756a14	wlfw_msa_ready_resp_msg_v01_ei	icnss2.ko
0x51b142a3	wlfw_pcie_gen_switch_req_msg_v01_ei	cnss2.ko
0x79a2fb25	wlfw_pcie_gen_switch_resp_msg_v01_ei	cnss2.ko
0x360becd3	wlfw_pin_connect_result_ind_msg_v01_ei	cnss2.ko,icnss2.ko
0xb291014b	wlfw_power_save_req_msg_v01_ei	icnss2.ko
0xff41d476	wlfw_qdss_trace_config_download_req_msg_v01_ei	cnss2.ko,icnss2.ko
0x8fb52de8	wlfw_qdss_trace_config_download_resp_msg_v01_ei	cnss2.ko,icnss2.ko
0x3aba511d	wlfw_qdss_trace_data_req_msg_v01_ei	cnss2.ko,icnss2.ko
0x55106ebd	wlfw_qdss_trace_data_resp_msg_v01_ei	cnss2.ko,icnss2.ko
0x9fadaee0	wlfw_qdss_trace_free_ind_msg_v01_ei	cnss2.ko,icnss2.ko
0x67bf5287	wlfw_qdss_trace_mem_info_req_msg_v01_ei	cnss2.ko,icnss2.ko
0x459711e4	wlfw_qdss_trace_mem_info_resp_msg_v01_ei	cnss2.ko,icnss2.ko
0x3fef7722	wlfw_qdss_trace_mode_req_msg_v01_ei	cnss2.ko,icnss2.ko
0xe37316a6	wlfw_qdss_trace_mode_resp_msg_v01_ei	cnss2.ko,icnss2.ko
0xcf6bbe28	wlfw_qdss_trace_req_mem_ind_msg_v01_ei	cnss2.ko,icnss2.ko
0xeffd72d5	wlfw_qdss_trace_save_ind_msg_v01_ei	cnss2.ko,icnss2.ko
0xa195c252	wlfw_rejuvenate_ack_req_msg_v01_ei	icnss2.ko
0xb3e81d2f	wlfw_rejuvenate_ack_resp_msg_v01_ei	icnss2.ko
0x5f2db6f1	wlfw_rejuvenate_ind_msg_v01_ei	icnss2.ko
0xeb31ed49	wlfw_request_mem_ind_msg_v01_ei	cnss2.ko
0x3d1468c6	wlfw_respond_get_info_ind_msg_v01_ei	cnss2.ko,icnss2.ko
0xf8be713a	wlfw_respond_mem_req_msg_v01_ei	cnss2.ko
0xf0d8dff6	wlfw_respond_mem_resp_msg_v01_ei	cnss2.ko
0x7ac72048	wlfw_shutdown_req_msg_v01_ei	icnss2.ko
0x4e51b6b7	wlfw_shutdown_resp_msg_v01_ei	icnss2.ko
0x4ca918a2	wlfw_soc_wake_req_msg_v01_ei	icnss2.ko
0x0eb8d3e9	wlfw_soc_wake_resp_msg_v01_ei	icnss2.ko
0x6966cca0	wlfw_subsys_restart_level_req_msg_v01_ei	icnss2.ko
0xe0937d11	wlfw_subsys_restart_level_resp_msg_v01_ei	icnss2.ko
0xdfb04206	wlfw_vbatt_req_msg_v01_ei	icnss2.ko
0xdf90ad42	wlfw_vbatt_resp_msg_v01_ei	icnss2.ko
0xd207cbd7	wlfw_wfc_call_status_req_msg_v01_ei	cnss2.ko
0x2e49f889	wlfw_wfc_call_status_resp_msg_v01_ei	cnss2.ko
0x1f34ef07	wlfw_wfc_call_twt_config_ind_msg_v01_ei	cnss2.ko
0x7651b256	wlfw_wlan_cfg_req_msg_v01_ei	cnss2.ko,icnss2.ko
0xb4521d46	wlfw_wlan_cfg_resp_msg_v01_ei	cnss2.ko,icnss2.ko
0x3b62851c	wlfw_wlan_mode_req_msg_v01_ei	cnss2.ko,icnss2.ko
0x221686ff	wlfw_wlan_mode_resp_msg_v01_ei	cnss2.ko,icnss2.ko
0xd0654aba	woken_wake_function	ipam.ko
0x86ab091d	work_busy	msm_drm.ko
0x3a78dd82	wsa881x_codec_get_dev_num	machine_dlkm.ko
0xbfc0f9c0	wsa881x_codec_info_create_codec_entry	machine_dlkm.ko
0xf7205de8	wsa881x_set_channel_map	machine_dlkm.ko
0x56fa2df9	wsa883x_codec_get_dev_num	machine_dlkm.ko
0x069f667b	wsa883x_codec_info_create_codec_entry	machine_dlkm.ko
0x3014be0f	wsa883x_set_channel_map	machine_dlkm.ko
0xc3dce33a	ww_mutex_lock	gdsc-regulator.ko,minidump.ko
0xb55e131a	ww_mutex_unlock	gdsc-regulator.ko,minidump.ko
0xd9491c14	xa_destroy	mem_buf_dev.ko,qrtr.ko
0x0745a981	xa_erase	mem_buf_dev.ko,qrtr.ko
0x8fa25c24	xa_find	mem_buf_dev.ko,qrtr.ko
0xdf36914b	xa_find_after	mem_buf_dev.ko,qrtr.ko
0xa85a3e6d	xa_load	mem_buf_dev.ko,qrtr.ko
0x5b3e282f	xa_store	mem_buf_dev.ko,qrtr.ko
0x08642fe9	xfrm_lookup	rmnet_wlan.ko
0xd96f9a48	xhci_alloc_command	snd-usb-audio-qmi.ko
0x60ee5dbe	xhci_alloc_erst	snd-usb-audio-qmi.ko
0x871c5f42	xhci_free_command	snd-usb-audio-qmi.ko
0x57d4050a	xhci_get_endpoint_index	snd-usb-audio-qmi.ko
0xcf932950	xhci_queue_stop_endpoint	snd-usb-audio-qmi.ko
0xa2a6bae1	xhci_ring_alloc	snd-usb-audio-qmi.ko
0xcc80957b	xhci_ring_cmd_db	snd-usb-audio-qmi.ko
0x1dfa58d5	xhci_ring_free	snd-usb-audio-qmi.ko
0x83e71096	xhci_trb_virt_to_dma	snd-usb-audio-qmi.ko
0x84a7d947	zone_watermark_ok_safe	qcom_dma_heaps.ko
0x5da67adc	zs_compact	zram.ko
0xbcf1f0e6	zs_create_pool	zram.ko
0xc69b7ee5	zs_destroy_pool	zram.ko
0x958df3ac	zs_free	zram.ko
0xcbe56bc2	zs_get_total_pages	zram.ko
0x3d8baf3b	zs_huge_class_size	zram.ko
0xb29533ee	zs_malloc	zram.ko
0xc341ae6d	zs_map_object	zram.ko
0x7cceaf92	zs_pool_stats	zram.ko
0x924c46f8	zs_unmap_object	zram.ko
